chunk_id,section,type,topic_tags,summary,已出题,题目数量,题目IDs,题目等级分布
GUIDE2022_1_FACT_001,2022 Guideline for the Management of Patients With Spontaneous Intracerebral Hemorrhage: A Guideline From the American Heart Association/American Stroke Association,fact,其他,Reviewed for evidence-based integrity and endorsed by the American Association o…,0,0,,
GUIDE2022_1_FACT_002,2022 Guideline for the Management of Patients With Spontaneous Intracerebral Hemorrhage: A Guideline From the American Heart Association/American Stroke Association,fact,其他,Steven M.,0,0,,
GUIDE2022_1_FACT_003,2022 Guideline for the Management of Patients With Spontaneous Intracerebral Hemorrhage: A Guideline From the American Heart Association/American Stroke Association,fact,其他,Key Words: AHA Scientific Statements ◼ cerebral amyloid angiopathy ◼ cerebral he,0,0,,
GUIDE2022_1_FACT_004,TOP 10 TAKE-HOME MESSAGES FOR THE MANAGEMENT OF PATIENTS WITH SPONTANEOUS INTRACEREBRAL HEMORRHAGE GUIDELINE,fact,HE预测|脑出血,The organization of health care systems is increasingly recognized as a key comp…,0,0,,
GUIDE2022_1_FACT_005,TOP 10 TAKE-HOME MESSAGES FOR THE MANAGEMENT OF PATIENTS WITH SPONTANEOUS INTRACEREBRAL HEMORRHAGE GUIDELINE,fact,HE预测|脑出血,"ICHs, like other forms of stroke, occur as the consequence of a defined set of v…",0,0,,
GUIDE2022_1_FACT_006,TOP 10 TAKE-HOME MESSAGES FOR THE MANAGEMENT OF PATIENTS WITH SPONTANEOUS INTRACEREBRAL HEMORRHAGE GUIDELINE,fact,HE预测|脑出血,"When implementing acute blood pressure lowering after mild to moderate ICH, trea…",0,0,,
GUIDE2022_1_FACT_007,TOP 10 TAKE-HOME MESSAGES FOR THE MANAGEMENT OF PATIENTS WITH SPONTANEOUS INTRACEREBRAL HEMORRHAGE GUIDELINE,fact,HE预测|脑出血,ICH while anticoagulated has extremely high mortality and morbidity.,0,0,,
GUIDE2022_1_FACT_008,TOP 10 TAKE-HOME MESSAGES FOR THE MANAGEMENT OF PATIENTS WITH SPONTANEOUS INTRACEREBRAL HEMORRHAGE GUIDELINE,fact,HE预测|脑出血,Several in-hospital therapies that have historically been used to treat patients…,0,0,,
GUIDE2022_1_FACT_009,TOP 10 TAKE-HOME MESSAGES FOR THE MANAGEMENT OF PATIENTS WITH SPONTANEOUS INTRACEREBRAL HEMORRHAGE GUIDELINE,fact,HE预测,Use of graduated knee- or thigh-high compression stockings alone is not an effec…,0,0,,
GUIDE2022_1_FACT_010,TOP 10 TAKE-HOME MESSAGES FOR THE MANAGEMENT OF PATIENTS WITH SPONTANEOUS INTRACEREBRAL HEMORRHAGE GUIDELINE,fact,HE预测|脑出血,Minimally invasive approaches for evacuation of supratentorial ICHs and intraven…,0,0,,
GUIDE2022_1_FACT_011,TOP 10 TAKE-HOME MESSAGES FOR THE MANAGEMENT OF PATIENTS WITH SPONTANEOUS INTRACEREBRAL HEMORRHAGE GUIDELINE,fact,HE预测|脑出血,The decision of when and how to limit life-sustaining treatments after ICH remai…,0,0,,
GUIDE2022_1_FACT_012,TOP 10 TAKE-HOME MESSAGES FOR THE MANAGEMENT OF PATIENTS WITH SPONTANEOUS INTRACEREBRAL HEMORRHAGE GUIDELINE,fact,HE预测|脑出血,Rehabilitation and recovery are important determinants of ICH outcome and qualit…,0,0,,
GUIDE2022_1_FACT_013,TOP 10 TAKE-HOME MESSAGES FOR THE MANAGEMENT OF PATIENTS WITH SPONTANEOUS INTRACEREBRAL HEMORRHAGE GUIDELINE,fact,HE预测|脑出血,A key and sometimes overlooked member of the ICH care team is the patient’s home…,0,0,,
GUIDE2022_1_FACT_014,PREAMBLE,fact,其他,"Since 1990, the American Heart Association (AHA)/ American Stroke Association (A…",0,0,,
GUIDE2022_1_FACT_015,PREAMBLE,fact,其他,Clinical practice guidelines for stroke provide recommendations applicable to pa…,0,0,,
GUIDE2022_1_FACT_016,PREAMBLE,fact,其他,The AHA/ASA strives to ensure that guideline writing groups contain requisite ex…,0,0,,
GUIDE2022_1_FACT_017,PREAMBLE,fact,其他,org/-/media/phd-files/guidelines-and-statements/ policies-devolopment/aha-asa-di…,0,0,,
GUIDE2022_1_FACT_018,PREAMBLE,fact,其他,"Beginning in 2017, numerous modifications to AHA/ ASA guidelines have been imple…",0,0,,
GUIDE2022_1_FACT_019,1. INTRODUCTION,fact,脑出血,Approximately 10% of the 795 000 strokes per year in the United States are intra…,0,0,,
GUIDE2022_1_FACT_020,1. INTRODUCTION,fact,脑出血,Several additional features of ICH make it a greater public health threat than c…,0,0,,
GUIDE2022_1_FACT_021,1. INTRODUCTION,fact,脑出血,ICH thus remains in need of novel treatments and improved application of establi…,0,0,,
GUIDE2022_1_FACT_022,1.1. Methodology and Evidence Review,fact,其他,"The recommendations listed in this guideline are, whenever possible, evidence ba…",0,0,,
GUIDE2022_1_FACT_023,1.1. Methodology and Evidence Review,fact,其他,For specific search terms used‚ readers are referred to the Online Data Suppleme…,0,0,,
GUIDE2022_1_FACT_024,1.1. Methodology and Evidence Review,fact,其他,Each topic area was assigned a primary writer and a primary and sometimes second…,0,0,,
GUIDE2022_1_FACT_025,1.2. Organization of the Writing Group,fact,其他,"The guideline writing group consisted of vascular neurologists, neurocritical ca…",0,0,,
GUIDE2022_1_FACT_026,1.2. Organization of the Writing Group,fact,其他,"<details>
<summary>flowchart</summary>",0,0,,
GUIDE2022_1_FACT_027,1.2. Organization of the Writing Group,fact,HE预测|脑出血,"```mermaid
graph TD
    A[""SMALL VESSEL DISEASES""] --> B[""Arteriolosclerosis\nCe",0,0,,
GUIDE2022_1_FACT_028,1.2. Organization of the Writing Group,fact,脑出血,Figure 1.,0,0,,
GUIDE2022_1_FACT_029,1.3. Document Review and Approval,fact,其他,This document was reviewed by the AHA Stroke Council Scientific Statement Oversi…,0,0,,
GUIDE2022_1_FACT_030,1.4. Scope of the Guideline,fact,脑出血,"This guideline addresses the diagnosis, treatment, and prevention of ICH in adul…",0,0,,
GUIDE2022_1_FACT_031,1.4. Scope of the Guideline,fact,脑出血,"aneurysmal subarachnoid hemorrhage,14 or unruptured saccular aneurysms.",0,0,,
GUIDE2022_1_FACT_032,1.4. Scope of the Guideline,fact,脑出血,"This guideline aims to cover the full course of primary ICH (Figure 1), from the…",0,0,,
GUIDE2022_1_FACT_033,1.4. Scope of the Guideline,fact,脑出血,Some aspects of inpatient medical care and post-ICH rehabilitation are likely to…,0,0,,
GUIDE2022_1_FACT_034,1.4. Scope of the Guideline,fact,脑出血,Another area where this ICH guideline interfaces with prior ischemic stroke guid…,0,0,,
GUIDE2022_1_FACT_035,1.4. Scope of the Guideline,fact,其他,<table><tr><td>Title</td><td>Organization</td><td>Publication year</td></tr><tr>,0,0,,
GUIDE2022_1_FACT_036,1.4. Scope of the Guideline,fact,其他,"AAPA indicates American Association of Physician Assistants; ABC, Association of…",0,0,,
GUIDE2022_1_FACT_037,1.4. Scope of the Guideline,fact,脑出血,This ICH guideline has a new section on assessment of ICH risk in individuals wi…,0,0,,
GUIDE2022_1_FACT_038,1.4. Scope of the Guideline,fact,MRI,"1, Secondary Prevention) and the high frequency with which these small hemorrhag…",0,0,,
GUIDE2022_1_FACT_039,1.5. COR and LOE,fact,其他,Recommendations are designated with both a COR and an LOE.,0,0,,
GUIDE2022_1_FACT_040,1.5. COR and LOE,fact,ATACH-II,<table><tr><td>Abbreviation</td><td>Meaning/Phrase</td></tr><tr><td>ADL</td><td>,0,0,,
GUIDE2022_1_FACT_041,1.5. COR and LOE,fact,其他,<table><tr><td>Abbreviation</td><td>Meaning/Phrase</td></tr><tr><td>PCC</td><td>,0,0,,
GUIDE2022_1_FACT_042,2.1. Small Vessel Disease Types,fact,脑出血|脑淀粉样变,Despite our use of the term primary ICH to distinguish from ICH with a demonstra…,0,0,,
GUIDE2022_1_FACT_043,2.1. Small Vessel Disease Types,fact,脑淀粉样变,21 Arteriolosclerosis (also referred to as lipohyalinosis) is detected as concen…,0,0,,
GUIDE2022_1_FACT_044,2.1. Small Vessel Disease Types,fact,MRI|脑出血|脑淀粉样变,ICH occurs in a relatively small subset of those brains with advanced arteriolos…,0,0,,
GUIDE2022_1_FACT_045,2.1. Small Vessel Disease Types,fact,其他,24 Microbleeds associated with arteriolosclerosis tend to occur in deep territor…,0,0,,
GUIDE2022_1_FACT_046,2.1. Small Vessel Disease Types,fact,其他,"<table><tr><td colspan=""2"">CLASS (STRENGTH) OF RECOMMENDATION</td></tr><tr><td c…",0,0,,
GUIDE2022_1_FACT_047,2.1. Small Vessel Disease Types,fact,其他,A recommendation with LOE C does not imply that the recommendation is weak.,0,0,,
GUIDE2022_1_FACT_048,2.1. Small Vessel Disease Types,fact,脑出血,"‡ The method of assessing quality is evolving, including the application of stan…",0,0,,
GUIDE2022_1_FACT_049,2.1. Small Vessel Disease Types,fact,脑出血|脑淀粉样变,of ICH.,0,0,,
GUIDE2022_1_FACT_050,2.2. Mechanisms for ICH-Related Brain Injury,fact,HE预测|ICP监测|脑出血,ICH is understood to injure surrounding brain tissue through the direct pressure…,0,0,,
GUIDE2022_1_FACT_051,2.2. Mechanisms for ICH-Related Brain Injury,fact,脑出血|脑淀粉样变,Secondary physiological and cellular injury mechanisms postulated to be triggere…,0,0,,
GUIDE2022_1_FACT_052,2.2. Mechanisms for ICH-Related Brain Injury,fact,HE预测|脑出血,Several of the major medical therapies for ICH such as BP lowering and reversal …,0,0,,
GUIDE2022_1_FACT_053,2.3. Limits to Generalizability,fact,脑出血,A key limitation that runs through all sections of this guideline is that much o…,0,0,,
GUIDE2022_1_FACT_054,3. ORGANIZATION OF PREHOSPITAL AND INITIAL SYSTEMS OF CARE,fact,脑出血|TIA,"<table><tr><td colspan=""3"">Recommendations for Organization of Prehospital and I…",0,0,,
GUIDE2022_1_FACT_055,3. ORGANIZATION OF PREHOSPITAL AND INITIAL SYSTEMS OF CARE,fact,脑出血|TIA,"<table><tr><td colspan=""3"">Recommendations for Organization of Prehospital and I…",0,0,,
GUIDE2022_1_FACT_056,3. ORGANIZATION OF PREHOSPITAL AND INITIAL SYSTEMS OF CARE,fact,脑出血|TIA,"$^{32,42}$ </td></tr><tr><td>1</td><td>B-NR</td><td>4.",0,0,,
GUIDE2022_1_FACT_057,3. ORGANIZATION OF PREHOSPITAL AND INITIAL SYSTEMS OF CARE,fact,脑出血|TIA,"In patients with potential stroke, including spontaneous ICH, in geographic regi…",0,0,,
GUIDE2022_1_FACT_058,Synopsis,fact,脑出血,Much of the data for prehospital care and stroke systems of care are derived fro…,0,0,,
GUIDE2022_1_FACT_059,Synopsis,fact,脑出血,"To facilitate rapid diagnosis and treatment of ICH, we recommend public health m…",0,0,,
GUIDE2022_1_FACT_060,Recommendation-Specific Supportive Text,fact,脑出血,Early symptom recognition is essential for timely ICH care.,0,0,,
GUIDE2022_1_FACT_061,Recommendation-Specific Supportive Text,fact,其他,"51–54 Knowledge of stroke warning signs varies by race, sex, ethnicity, age, edu…",0,0,,
GUIDE2022_1_FACT_062,Recommendation-Specific Supportive Text,fact,脑出血,No existing clinical decision scale can differentiate ICH from other diseases wi…,0,0,,
GUIDE2022_1_FACT_063,Recommendation-Specific Supportive Text,fact,脑出血,"For dispatch, a group found that a specific dispatch stroke assessment tool was …",0,0,,
GUIDE2022_1_FACT_064,Recommendation-Specific Supportive Text,fact,脑出血,"One group developed a clinical prediction rule to classify stroke subtypes, incl…",0,0,,
GUIDE2022_1_FACT_065,Recommendation-Specific Supportive Text,fact,脑出血,"One group found that in a large national cohort of patients with stroke, EMS use",0,0,,
GUIDE2022_1_FACT_066,Recommendation-Specific Supportive Text,fact,其他,"55 Thus, persistent efforts to ensure activation of the 9-1-1 or a similar emerg…",0,0,,
GUIDE2022_1_FACT_067,Recommendation-Specific Supportive Text,fact,脑出血,Many observational studies in patients with stroke (including both ischemic and …,0,0,,
GUIDE2022_1_FACT_068,Recommendation-Specific Supportive Text,fact,脑出血,"One group found that for ICH, early stroke team activation was associated with f…",0,0,,
GUIDE2022_1_FACT_069,Recommendation-Specific Supportive Text,fact,脑出血,Many regions have developed stroke systems of care and stratify hospitals accord…,0,0,,
GUIDE2022_1_FACT_070,Recommendation-Specific Supportive Text,fact,脑出血,One observational study found that Canadian provinces that had implemented strok…,0,0,,
GUIDE2022_1_FACT_071,Recommendation-Specific Supportive Text,fact,脑出血,"Most studies of MSUs have focused on time to thrombolysis for stroke, and subgro…",0,0,,
GUIDE2022_1_FACT_072,Recommendation-Specific Supportive Text,fact,脑出血,Forty-one percent of the MSU patient group and none of the standard care group r…,0,0,,
GUIDE2022_1_FACT_073,Recommendation-Specific Supportive Text,fact,评分系统|脑出血,No clinical trials of different EMS response strategies were found to have been …,0,0,,
GUIDE2022_1_FACT_074,Recommendation-Specific Supportive Text,fact,其他,"48,61,62 This suggests a value for EMS clinicians trained in performing initial …",0,0,,
GUIDE2022_1_FACT_075,Knowledge Gaps and Future Research,fact,脑出血,Data on whether and what types of public health campaigns that help the public r…,0,0,,
GUIDE2022_1_FACT_076,Knowledge Gaps and Future Research,fact,脑出血,"It is unknown whether prehospital basic life support or advanced
life support yi",0,0,,
GUIDE2022_1_FACT_077,Knowledge Gaps and Future Research,fact,脑出血,Much of the data for prehospital care and stroke systems of care were derived fr…,0,0,,
GUIDE2022_1_FACT_078,Knowledge Gaps and Future Research,fact,脑出血,"It remains unclear which, if any, tool is best or whether stroke scales that inc…",0,0,,
GUIDE2022_1_FACT_079,4.1.1. Physical Examination and Laboratory Assessment,fact,脑出血,"<table><tr><td colspan=""3"">Recommendations for Physical Examination and Laborato…",0,0,,
GUIDE2022_1_FACT_080,Synopsis,fact,脑出血,Routine laboratory work provides important information about coagulation status …,0,0,,
GUIDE2022_1_FACT_081,Synopsis,fact,脑出血,"<table><tr><td>Assessment type</td><td>Comments</td></tr><tr><td colspan=""2"">His…",0,0,,
GUIDE2022_1_FACT_082,Synopsis,fact,其他,"4), dose and time of last ingestionVasoconstrictive agents (associated with RCVS…",0,0,,
GUIDE2022_1_FACT_083,Synopsis,fact,其他,5)</td><td>SmokingAlcohol useMarijuana (associated with RCVS)Sympathomimetic dru…,0,0,,
GUIDE2022_1_FACT_084,Synopsis,fact,评分系统,GCS is relevant to patients with impaired level of consciousness.,0,0,,
GUIDE2022_1_FACT_085,Synopsis,fact,其他,$^{83}$ </td></tr><tr><td>Prothrombin time (with INR) and an activated partial t…,0,0,,
GUIDE2022_1_FACT_086,Synopsis,fact,HE预测|脑出血,</td></tr><tr><td>Urine toxicology screen</td><td>Cocaine and other sympathomime…,0,0,,
GUIDE2022_1_FACT_087,Synopsis,fact,HE预测|评分系统|NIHSS|脑出血,"CRP indicates C-reactive protein; CVST, cerebral venous sinus thrombosis; DOAC, …",0,0,,
GUIDE2022_1_FACT_088,Synopsis,fact,其他,complete blood count and coagulation profile can help to diagnose coagulopathy a…,0,0,,
GUIDE2022_1_FACT_089,Recommendation-Specific Supportive Text,fact,脑出血,Complete blood count and coagulopathy studies (prothrombin time/partial thrombop…,0,0,,
GUIDE2022_1_FACT_090,Recommendation-Specific Supportive Text,fact,脑出血,One study showed a dose response of INR level in warfarin-related hemorrhage ass…,0,0,,
GUIDE2022_1_FACT_091,Recommendation-Specific Supportive Text,fact,其他,68 Additional lifestyle risk factors that should be assessed include tobacco smo…,0,0,,
GUIDE2022_1_FACT_092,Knowledge Gaps and Future Research,fact,脑出血,Further studies are necessary to determine whether platelet or coagulation activ…,0,0,,
GUIDE2022_1_FACT_093,Knowledge Gaps and Future Research,fact,脑出血,"of DOAC medications, these studies are not reliable enough to determine the leve…",0,0,,
GUIDE2022_1_FACT_094,Knowledge Gaps and Future Research,fact,其他,"Viscoelastic hemostatic assays, including thromboelastography and rotational thr…",0,0,,
GUIDE2022_1_FACT_095,Knowledge Gaps and Future Research,fact,脑出血,Understanding the significance of these studies in patients with ICH is an area …,0,0,,
GUIDE2022_1_FACT_096,4.1.2. Neuroimaging for ICH Diagnosis and Acute Course,fact,MRI|脑出血,"<table><tr><td colspan=""3"">Recommendations for Neuroimaging for ICH Diagnosis an…",0,0,,
GUIDE2022_1_FACT_097,4.1.2. Neuroimaging for ICH Diagnosis and Acute Course,fact,评分系统|CTA|脑出血,"In patients with spontaneous ICH and/or IVH and with low GCS score or ND, serial…",0,0,,
GUIDE2022_1_FACT_098,4.1.2. Neuroimaging for ICH Diagnosis and Acute Course,fact,脑出血,$^{106}$ </td></tr></table>,0,0,,
GUIDE2022_1_FACT_099,Synopsis,fact,MRI|脑出血,Brain imaging is essential to distinguish ICH from ischemic stroke and determine…,0,0,,
GUIDE2022_1_FACT_100,Synopsis,fact,斑点征|HE预测|CTA,"30,97,98,111 Identification of a spot sign on CTA or contrast-enhanced CT104,107…",0,0,,
GUIDE2022_1_FACT_101,Recommendation-Specific Supportive Text,fact,MRI|脑出血,"A prospective, multicenter, observational study of 62 patients presenting within…",0,0,,
GUIDE2022_1_FACT_102,Recommendation-Specific Supportive Text,fact,HE预测|脑出血,"HE occurs early after ICH and is an independent predictor of ND, mortality, and …",0,0,,
GUIDE2022_1_FACT_103,Recommendation-Specific Supportive Text,fact,HE预测|脑出血,"98 However, delayed IVH has been reported in 21% of patients with no initial IVH…",0,0,,
GUIDE2022_1_FACT_104,Recommendation-Specific Supportive Text,fact,评分系统,This recommendation pertains to indications for repeat imaging to detect other d…,0,0,,
GUIDE2022_1_FACT_105,Recommendation-Specific Supportive Text,fact,脑出血,A single-center observational study in 239 patients with spontaneous ICH admitte…,0,0,,
GUIDE2022_1_FACT_106,Recommendation-Specific Supportive Text,fact,斑点征|HE预测|CTA,Although benefits of therapies that target HE have currently not been demonstrat,0,0,,
GUIDE2022_1_FACT_107,Recommendation-Specific Supportive Text,fact,斑点征|HE预测|CTA|脑出血,A meta-analysis of individual data from 5435 patients reported that the addition…,0,0,,
GUIDE2022_1_FACT_108,Recommendation-Specific Supportive Text,fact,斑点征|HE预测,Previous studies have suggested that signs on NCCT of heterogeneous density with…,0,0,,
GUIDE2022_1_FACT_109,Knowledge Gaps and Future Research,fact,脑出血,"Routine serial CT after the initial scan, regardless of neurological status, to …",0,0,,
GUIDE2022_1_FACT_110,Knowledge Gaps and Future Research,fact,HE预测|CTA,"appealing, particularly in low-resource settings where immediate performance and…",0,0,,
GUIDE2022_1_FACT_111,4.2. Diagnostic Assessment for ICH Pathogenesis,fact,CTA|脑出血,"<table><tr><td colspan=""3"">Recommendations for Diagnostic Assessment for ICH Pat…",0,0,,
GUIDE2022_1_FACT_112,4.2. Diagnostic Assessment for ICH Pathogenesis,fact,CTA|MRA|DSA|脑出血,"In patients with spontaneous IVH and no detectable parenchymal hemorrhage, cathe…",0,0,,
GUIDE2022_1_FACT_113,4.2. Diagnostic Assessment for ICH Pathogenesis,fact,CTA|MRI|MRA|DSA|脑出血,"In patients with (a) lobar spontaneous ICH and age &lt;70 years, (b) deep/poster…",0,0,,
GUIDE2022_1_FACT_114,4.2. Diagnostic Assessment for ICH Pathogenesis,fact,CTA|MRI|MRA|DSA|脑出血,"In patients with spontaneous ICH who undergo CT or MRI at admission, CTA plus co…",0,0,,
GUIDE2022_1_FACT_115,Synopsis,fact,脑出血|脑淀粉样变,"Heterogeneous disease entities such as arteriolosclerosis/lipohyalinosis, CAA, o…",0,0,,
GUIDE2022_1_FACT_116,Synopsis,fact,CTA|MRA|DSA|脑出血,127 CTA and MRA appear to have >90% sensitivity and specificity after ICH for th…,0,0,,
GUIDE2022_1_FACT_117,Synopsis,fact,DSA|脑出血,128 Catheter intra-arterial DSA remains the gold standard to search for macrovas…,0,0,,
GUIDE2022_1_FACT_118,Synopsis,fact,CTA|MRI|MRA|脑出血|脑淀粉样变,"117,118,120,129,130 CT or magnetic resonance venography should be included with …",0,0,,
GUIDE2022_1_FACT_119,Recommendation-Specific Supportive Text,fact,CTA|脑出血,"In the DIAGRAM (DIagnostic Angiography to Find Vascular Malformations) study, th…",0,0,,
GUIDE2022_1_FACT_120,Recommendation-Specific Supportive Text,fact,CTA|脑出血,"118 In multivariable analysis, younger age, location of ICH, absence of signs of…",0,0,,
GUIDE2022_1_FACT_121,Recommendation-Specific Supportive Text,fact,DSA,Isolated IVH is a rare condition.,0,0,,
GUIDE2022_1_FACT_122,Recommendation-Specific Supportive Text,fact,CTA|MRA,There are currently insufficient data on the diagnostic yield of CTA or MRA for …,0,0,,
GUIDE2022_1_FACT_123,Recommendation-Specific Supportive Text,fact,CTA|MRI|MRA|DSA|脑出血,"In the DIAGRAM study, DSA was assessed in 103 of 232 patients with negative or i…",0,0,,
GUIDE2022_1_FACT_124,Recommendation-Specific Supportive Text,fact,脑出血,The presence of small vessel disease on brain imaging also may be a useful varia…,0,0,,
GUIDE2022_1_FACT_125,Recommendation-Specific Supportive Text,fact,MRI|MRA|DSA|脑出血|脑淀粉样变,MRI and MRA may provide valuable information on DSA-negative ICH causes (such as…,0,0,,
GUIDE2022_1_FACT_126,Recommendation-Specific Supportive Text,fact,CTA|MRI|MRA|脑出血,Contrast-enhanced T1-weighted MRI should be included to exclude neoplasm or othe…,0,0,,
GUIDE2022_1_FACT_127,Recommendation-Specific Supportive Text,fact,脑出血|脑淀粉样变,Nonenhanced CT also can be used to detect ICH features suggestive of CAA such as…,0,0,,
GUIDE2022_1_FACT_128,Recommendation-Specific Supportive Text,fact,脑出血,The rapid identification of any underlying intracranial vascular malformation (a…,0,0,,
GUIDE2022_1_FACT_129,Recommendation-Specific Supportive Text,fact,DSA|脑出血,The concept of “primary” ICH or IVH is misleading.,0,0,,
GUIDE2022_1_FACT_130,Knowledge Gaps and Future Research,fact,其他,Diagnostic performance of noninvasive neuroimaging to disclose the underlying ca…,0,0,,
GUIDE2022_1_FACT_131,Knowledge Gaps and Future Research,fact,DSA|脑出血,Diagnostic criteria should be developed and validated to help clinicians and res…,0,0,,
GUIDE2022_1_FACT_132,Knowledge Gaps and Future Research,fact,脑出血,Future clinical trials could be used to establish whether particular diagnostic …,0,0,,
GUIDE2022_1_FACT_133,5.1. Acute BP Lowering,fact,脑出血,"<table><tr><td colspan=""3"">Recommendations for Acute BP LoweringReferenced studi…",0,0,,
GUIDE2022_1_FACT_134,5.1. Acute BP Lowering,fact,脑出血,"$^{139,140}$ </td></tr><tr><td colspan=""3"">Recommendations for Acute BP Lowering…",0,0,,
GUIDE2022_1_FACT_135,5.1. Acute BP Lowering,fact,脑出血,In patients with spontaneous ICH of mild to moderate severity presenting with SB…,0,0,,
GUIDE2022_1_FACT_136,Synopsis,fact,ATACH-II|降压研究|HE预测|脑出血,Most patients with acute ICH present with elevated BP.,0,0,,
GUIDE2022_1_FACT_137,Synopsis,fact,脑出血,"139,154,155 As a primary recommendation, lowering systolic BP (SBP) to a target …",0,0,,
GUIDE2022_1_FACT_138,Recommendation-Specific Supportive Text,fact,ATACH-II|降压研究|评分系统|脑出血,Several studies have shown that high SBP variability during the hyperacute and a…,0,0,,
GUIDE2022_1_FACT_139,Recommendation-Specific Supportive Text,fact,ATACH-II|降压研究|ICP监测,"Intravenous nicardipine was the drug used in ATACH-2, whereas a range of intrave…",0,0,,
GUIDE2022_1_FACT_140,Recommendation-Specific Supportive Text,fact,ATACH-II|降压研究|HE预测|脑出血,The mean time from ICH onset to initiation of EIBPL treatment in ATACH-2 was 182…,0,0,,
GUIDE2022_1_FACT_141,Recommendation-Specific Supportive Text,fact,HE预测|脑出血,140 Although the window for how long after ICH onset EIBPL remains beneficial ha…,0,0,,
GUIDE2022_1_FACT_142,Recommendation-Specific Supportive Text,fact,降压研究|评分系统|脑出血,"EIBPL in patients with mild to moderate ICH (GCS score ≥5, excluding massive ICH…",0,0,,
GUIDE2022_1_FACT_143,Recommendation-Specific Supportive Text,fact,脑出血,146 Another study using perfusion CT in patients with small to medium ICHs also …,0,0,,
GUIDE2022_1_FACT_144,Recommendation-Specific Supportive Text,fact,其他,Although patients with SBP >220 mmHg were not intentionally included in the tria…,0,0,,
GUIDE2022_1_FACT_145,Recommendation-Specific Supportive Text,fact,ATACH-II|HE预测|评分系统|NIHSS|脑出血,A post hoc analysis of ATACH-2 trial of 682 participants with moderate to severe…,0,0,,
GUIDE2022_1_FACT_146,Recommendation-Specific Supportive Text,fact,ICP监测|脑出血,In patients with large ICH (>30 mL) requiring ICP monitoring or severe IVH requi…,0,0,,
GUIDE2022_1_FACT_147,Recommendation-Specific Supportive Text,fact,ATACH-II|降压研究,"Compared with INTERACT2, ATACH-2, which did not exclude patients with initial SB…",0,0,,
GUIDE2022_1_FACT_148,Recommendation-Specific Supportive Text,fact,ATACH-II|降压研究|脑出血,This is consistent with a secondary analysis of INTERACT2149 that showed that an…,0,0,,
GUIDE2022_1_FACT_149,Recommendation-Specific Supportive Text,fact,HE预测|脑出血,8% of the cohort) reported higher rates of ND at 24 hours and renal adverse even…,0,0,,
GUIDE2022_1_FACT_150,Knowledge Gaps and Future Research,fact,ICP监测|脑出血,The safety and efficacy of EIBPL in patients with SBP >220 mm Hg and those with …,0,0,,
GUIDE2022_1_FACT_151,Knowledge Gaps and Future Research,fact,ATACH-II|降压研究|脑出血,Only 16% of patients in INTERACT-2 and 9.,0,0,,
GUIDE2022_1_FACT_152,Knowledge Gaps and Future Research,fact,脑出血,• It remains unclear whether ultraearly BP lowering could be beneficial.,0,0,,
GUIDE2022_1_FACT_153,Knowledge Gaps and Future Research,fact,ATACH-II|降压研究,The benefits of BP lowering beyond the first 6 hours after symptom onset also re…,0,0,,
GUIDE2022_1_FACT_154,Knowledge Gaps and Future Research,fact,降压研究,More research is also needed to better delineate the importance of various BP me…,0,0,,
GUIDE2022_1_FACT_155,Knowledge Gaps and Future Research,fact,ATACH-II|降压研究,"In contrast, both the individual patient data analysis of INTERACT2 and ATACH-2 …",0,0,,
GUIDE2022_1_FACT_156,Knowledge Gaps and Future Research,fact,脑出血,"Methods of BP measurement for early BP lowering after ICH have not been studied,…",0,0,,
GUIDE2022_1_FACT_157,5.2.1. Anticoagulant-Related Hemorrhage,fact,脑出血,"<table><tr><td colspan=""3"">Recommendations for Anticoagulant-Related HemorrhageR…",0,0,,
GUIDE2022_1_FACT_158,5.2.1. Anticoagulant-Related Hemorrhage,fact,HE预测|脑出血,"0, 4-factor (4-F) prothrombin complex concentrate (PCC) is recommended in prefer…",0,0,,
GUIDE2022_1_FACT_159,5.2.1. Anticoagulant-Related Hemorrhage,fact,脑出血,"In patients with direct factor Xa inhibitor–associated spontaneous ICH, andexane…",0,0,,
GUIDE2022_1_FACT_160,5.2.1. Anticoagulant-Related Hemorrhage,fact,脑出血,"<table><tr><td colspan=""3"">Recommendations for Anticoagulant-Related Hemorrhage …",0,0,,
GUIDE2022_1_FACT_161,5.2.1. Anticoagulant-Related Hemorrhage,fact,脑出血,"In patients with dabigatran-associated spontaneous ICH, when idarucizumab is not…",0,0,,
GUIDE2022_1_FACT_162,5.2.1. Anticoagulant-Related Hemorrhage,fact,脑出血,"In patients with low-molecular-weight heparin (LMWH)-associated spontaneous ICH,…",0,0,,
GUIDE2022_1_FACT_163,Synopsis,fact,HE预测|脑出血,"The risk of HE, rapid deterioration, and poor outcome is increased in patients w…",0,0,,
GUIDE2022_1_FACT_164,Synopsis,fact,脑出血,"In general, treatment should be administered when clinically significant anticoa…",0,0,,
GUIDE2022_1_FACT_165,Synopsis,fact,HE预测,) Reversal of the anticoagulant effect of direct thrombin inhibitors and factor …,0,0,,
GUIDE2022_1_FACT_166,Synopsis,fact,其他,![](images/f3aaffa92aeaf843c53fcf814ee01c273e8f742c6c0b3c39cd1a2b227b92f007.,0,0,,
GUIDE2022_1_FACT_167,Synopsis,fact,HE预测|脑出血,"```mermaid
graph TD
    A[""Patients with ICH on anticoagulation""] --> B[""Discont",0,0,,
GUIDE2022_1_FACT_168,Synopsis,fact,其他,"}
    N -->|YES| O[""Idarcizumab (Class 2a)""]
    N -->|NO| P[""PCCs or aPCC and/o",0,0,,
GUIDE2022_1_FACT_169,Recommendation-Specific Supportive Text,fact,脑出血,In patients with anticoagulant-associated ICH and without preexisting limitation…,0,0,,
GUIDE2022_1_FACT_170,Recommendation-Specific Supportive Text,fact,HE预测,3) combined with BP control was associated with a significant reduction in HE an…,0,0,,
GUIDE2022_1_FACT_171,Recommendation-Specific Supportive Text,fact,HE预测|脑出血,In an RCT comparing 4-F PCC 30 IU/kg with FFP in patients within 12 hours of ons…,0,0,,
GUIDE2022_1_FACT_172,Recommendation-Specific Supportive Text,fact,其他,Infusion of PCC was significantly faster than infusion of FFP.,0,0,,
GUIDE2022_1_FACT_173,Recommendation-Specific Supportive Text,fact,其他,"In a case review of 17 patients with VKA-associated major bleeding, PCC rapidly …",0,0,,
GUIDE2022_1_FACT_174,Recommendation-Specific Supportive Text,fact,脑出血,Intravenous vitamin K at a dose of 5 to 10 mg should be administered regardless …,0,0,,
GUIDE2022_1_FACT_175,Recommendation-Specific Supportive Text,fact,脑出血,Patients with VKA-associated ICH with INR <2.,0,0,,
GUIDE2022_1_FACT_176,Recommendation-Specific Supportive Text,fact,HE预测,5 noted increased risk of venous thromboembolism (VTE) with higher doses of PCC …,0,0,,
GUIDE2022_1_FACT_177,Recommendation-Specific Supportive Text,fact,脑出血,Andexanet alfa is a recombinant coagulation factor that reverses the inhibition …,0,0,,
GUIDE2022_1_FACT_178,Recommendation-Specific Supportive Text,fact,其他,185 Data comparing outcomes in patients given either andexanet alfa or PCC are l…,0,0,,
GUIDE2022_1_FACT_179,Recommendation-Specific Supportive Text,fact,其他,"Because of the structural similarity of the factor Xa inhibitors, andexanet alfa…",0,0,,
GUIDE2022_1_FACT_180,Recommendation-Specific Supportive Text,fact,脑出血,"Idarucizumab, a monoclonal antibody, binds dabigatran with high affinity and neu…",0,0,,
GUIDE2022_1_FACT_181,Recommendation-Specific Supportive Text,fact,脑出血,"A number of real-world case series in both the United States191 and Europe175,19…",0,0,,
GUIDE2022_1_FACT_182,Recommendation-Specific Supportive Text,fact,脑出血,In healthy volunteers taking factor Xa inhibitors at doses of 37.,0,0,,
GUIDE2022_1_FACT_183,Recommendation-Specific Supportive Text,fact,HE预测,"169 In another case series, although factor Xa levels on admission were associat…",0,0,,
GUIDE2022_1_FACT_184,Recommendation-Specific Supportive Text,fact,其他,"In a preclinical in vitro study, adsorption of dabigatran by activated charcoal …",0,0,,
GUIDE2022_1_FACT_185,Recommendation-Specific Supportive Text,fact,其他,"Only single case reports exist in patients with hemorrhage, so it is not possibl…",0,0,,
GUIDE2022_1_FACT_186,Recommendation-Specific Supportive Text,fact,脑出血,"In a prospective multicenter case series, 5 patients with dabigatran-associated …",0,0,,
GUIDE2022_1_FACT_187,Recommendation-Specific Supportive Text,fact,其他,In vitro thrombin generation studies show that PCCs increase peak thrombin gener…,0,0,,
GUIDE2022_1_FACT_188,Recommendation-Specific Supportive Text,fact,脑出血,"Dabigatran is excreted by the kidneys, and elimination is delayed in those with …",0,0,,
GUIDE2022_1_FACT_189,Recommendation-Specific Supportive Text,fact,脑出血,"Recovery or rehabilitation was reported in the majority of patients, but a quart…",0,0,,
GUIDE2022_1_FACT_190,Recommendation-Specific Supportive Text,fact,其他,"In a small retrospective case series of patients on LMWH, protamine only partial…",0,0,,
GUIDE2022_1_FACT_191,Knowledge Gaps and Future Research,fact,HE预测|脑出血,Hemostatic expansion remains a therapeutic target after ICH.,0,0,,
GUIDE2022_1_FACT_192,Knowledge Gaps and Future Research,fact,其他,"One new agent, ciraparantag (aripazine), is designed to be a universal antidote …",0,0,,
GUIDE2022_1_FACT_193,Knowledge Gaps and Future Research,fact,其他,Such pathways may reduce time to reversal of anticoagulants and improve outcome.,0,0,,
GUIDE2022_1_FACT_194,Knowledge Gaps and Future Research,fact,脑出血,"<table><tr><td colspan=""3"">Recommendations for Antiplatelet-Related HemorrhageRe…",0,0,,
GUIDE2022_1_FACT_195,Knowledge Gaps and Future Research,fact,脑出血,For patients with spontaneous ICH being treated with aspirin and not scheduled f…,0,0,,
GUIDE2022_1_FACT_196,Synopsis,fact,脑出血,The effect of antiplatelet agents on the outcome of ICH is uncertain.,0,0,,
GUIDE2022_1_FACT_197,Synopsis,fact,评分系统,studies found that antiplatelet therapy at the time of the hemorrhage was associ…,0,0,,
GUIDE2022_1_FACT_198,Synopsis,fact,脑出血,"Platelet transfusions, desmopressin, and TXA have proven effective in reducing b…",0,0,,
GUIDE2022_1_FACT_199,Recommendation-Specific Supportive Text,fact,其他,One moderate-size RCT studied patients with acute hypertensive basal ganglia hem…,0,0,,
GUIDE2022_1_FACT_200,Recommendation-Specific Supportive Text,fact,脑出血,"The excluded patients did not receive platelet transfusions; however, their outc…",0,0,,
GUIDE2022_1_FACT_201,Recommendation-Specific Supportive Text,fact,脑出血,In 2 retrospective studies in patients with spontaneous ICH while taking antipla…,0,0,,
GUIDE2022_1_FACT_202,Recommendation-Specific Supportive Text,fact,HE预测|评分系统|脑出血,A moderate-size RCT in patients with spontaneous supratentorial ICH and concomit…,0,0,,
GUIDE2022_1_FACT_203,Recommendation-Specific Supportive Text,fact,其他,Although this study was open to enrollment of individuals taking either cyclooxy…,0,0,,
GUIDE2022_1_FACT_204,Knowledge Gaps and Future Research,fact,脑出血,Studies of antiplatelet-related ICH have mostly included only aspirin.,0,0,,
GUIDE2022_1_FACT_205,Knowledge Gaps and Future Research,fact,其他,Ticagrelor is not reversed by platelet transfusions.,0,0,,
GUIDE2022_1_FACT_206,Knowledge Gaps and Future Research,fact,斑点征|脑出血,"<table><tr><td colspan=""3"">Recommendations for General Hemostatic TreatmentsRefe…",0,0,,
GUIDE2022_1_FACT_207,Synopsis,fact,斑点征|HE预测|CTA|脑出血,HE occurs in up to a third of patients after ICH and is associated with poor out…,0,0,,
GUIDE2022_1_FACT_208,Recommendation-Specific Supportive Text,fact,HE预测|脑出血,Numerous phase II dose escalation and pilot studies have been performed testing …,0,0,,
GUIDE2022_1_FACT_209,Recommendation-Specific Supportive Text,fact,斑点征|CTA|脑出血,"227 However, a secondary post hoc analysis found trends toward improved outcome …",0,0,,
GUIDE2022_1_FACT_210,Recommendation-Specific Supportive Text,fact,HE预测|脑出血,"In a large phase III RCT, TXA led to a significant but modest reduction in HE an…",0,0,,
GUIDE2022_1_FACT_211,Recommendation-Specific Supportive Text,fact,HE预测,"220,221 In a recent meta-analysis including these 2 RCTs, TXA demonstrated a red…",0,0,,
GUIDE2022_1_FACT_212,Knowledge Gaps and Future Research,fact,HE预测,The time window for administration of hemostatic therapies remains uncertain.,0,0,,
GUIDE2022_1_FACT_213,Knowledge Gaps and Future Research,fact,斑点征|HE预测|脑出血,"This could potentially include imaging markers to predict HE (eg, spot sign, ble…",0,0,,
GUIDE2022_1_FACT_214,5.3.1. Inpatient Care Setting,fact,脑出血,"<table><tr><td colspan=""3"">Recommendations for Inpatient Care SettingReferenced …",0,0,,
GUIDE2022_1_FACT_215,5.3.1. Inpatient Care Setting,fact,脑出血,"<table><tr><td colspan=""3"">Recommendations for Inpatient Care Setting (Continued…",0,0,,
GUIDE2022_1_FACT_216,5.3.1. Inpatient Care Setting,fact,脑出血,"In patients with spontaneous ICH, care delivery that includes multidisciplinary …",0,0,,
GUIDE2022_1_FACT_217,5.3.1. Inpatient Care Setting,fact,脑出血,In patients with spontaneous ICH without indications for ICU admission at presen…,0,0,,
GUIDE2022_1_FACT_218,5.3.1. Inpatient Care Setting,fact,脑出血,"In patients with larger supratentorial ICH, transfer to centers with neurosurgic…",0,0,,
GUIDE2022_1_FACT_219,Synopsis,fact,脑出血,"Patients with ICH who have clinical hydrocephalus, IVH, or infratentorial hemorr…",0,0,,
GUIDE2022_1_FACT_220,Synopsis,fact,脑出血,Recommendations are intended for patients with no limitation of life-sustaining …,0,0,,
GUIDE2022_1_FACT_221,Synopsis,fact,其他,"242,243 Depending on the severity of hemorrhage, the appropriate inpatient setti…",0,0,,
GUIDE2022_1_FACT_222,Recommendation-Specific Supportive Text,fact,脑出血,ICH is a complex clinical event that has been shown to benefit from specially tr…,0,0,,
GUIDE2022_1_FACT_223,Recommendation-Specific Supportive Text,fact,脑出血,"In patients with ICH, initiating coagulopathy reversal and BP control before tra…",0,0,,
GUIDE2022_1_FACT_224,Recommendation-Specific Supportive Text,fact,脑出血,Determining whether enlarged ventricles represent ICH/IVH–related hydrocephalus …,0,0,,
GUIDE2022_1_FACT_225,Recommendation-Specific Supportive Text,fact,脑出血,Patients with ICH can have myriad issues that span multiple clinical domains and,0,0,,
GUIDE2022_1_FACT_226,Recommendation-Specific Supportive Text,fact,评分系统,Patients may require invasive mechanical ventilation to ensure adequate airway p…,0,0,,
GUIDE2022_1_FACT_227,Recommendation-Specific Supportive Text,fact,脑出血,There are no randomized data to support these recommendations on the transfer of…,0,0,,
GUIDE2022_1_FACT_228,Recommendation-Specific Supportive Text,fact,脑出血,Determination of the appropriate level of monitoring for patients with ICH can b…,0,0,,
GUIDE2022_1_FACT_229,Recommendation-Specific Supportive Text,fact,NIHSS|评分系统|脑出血,"237 In a subgroup analysis of severely affected patients (NIHSS score 10–25), ad…",0,0,,
GUIDE2022_1_FACT_230,Recommendation-Specific Supportive Text,fact,脑出血,"238,248 A prospective study of 105043 stroke admissions from the Swedish Stroke …",0,0,,
GUIDE2022_1_FACT_231,Recommendation-Specific Supportive Text,fact,评分系统|NIHSS|脑出血,"249–251 Criteria include low ICH volume (<20 mL), low NIHSS score (≤10), high GC…",0,0,,
GUIDE2022_1_FACT_232,Recommendation-Specific Supportive Text,fact,脑出血,ICH is a complex clinical event that has been shown to benefit from specially tr…,0,0,,
GUIDE2022_1_FACT_233,Recommendation-Specific Supportive Text,fact,脑出血,"235,240 In 1 study, having a full-time intensivist was associated with a lower m…",0,0,,
GUIDE2022_1_FACT_234,Recommendation-Specific Supportive Text,fact,评分系统|脑出血,There are several potential indications for neurosurgical evaluation in patients…,0,0,,
GUIDE2022_1_FACT_235,Knowledge Gaps and Future Research,fact,脑出血,More prospective studies are needed to confirm which patients are best cared for…,0,0,,
GUIDE2022_1_FACT_236,Knowledge Gaps and Future Research,fact,脑出血,There are no data on ICH-specific recommendations for the optimal timing and car…,0,0,,
GUIDE2022_1_FACT_237,Knowledge Gaps and Future Research,fact,脑出血,Caring for severely affected patients with ICH is challenging.,0,0,,
GUIDE2022_1_FACT_238,Knowledge Gaps and Future Research,fact,脑出血,"<table><tr><td colspan=""3"">Recommendations for Prevention and Management of Acut…",0,0,,
GUIDE2022_1_FACT_239,Knowledge Gaps and Future Research,fact,脑出血,"In patients with spontaneous ICH, continuous cardiac monitoring for the first 24…",0,0,,
GUIDE2022_1_FACT_240,Synopsis,fact,HE预测|脑出血,"In the first hours and days after ICH, the focus and management goals of physici…",0,0,,
GUIDE2022_1_FACT_241,Recommendation-Specific Supportive Text,fact,其他,The use of standardized order sets and protocols for prevention of complications…,0,0,,
GUIDE2022_1_FACT_242,Recommendation-Specific Supportive Text,fact,其他,258 The use of integrated care pathways or multidisciplinary communication tools…,0,0,,
GUIDE2022_1_FACT_243,Recommendation-Specific Supportive Text,fact,TIA,The risk of death resulting from pneumonia for patients with stroke is ≈35%.,0,0,,
GUIDE2022_1_FACT_244,Recommendation-Specific Supportive Text,fact,其他,264 Patients with a positive dysphagia screen have a significantly higher 5-year…,0,0,,
GUIDE2022_1_FACT_245,Recommendation-Specific Supportive Text,fact,其他,Two systematic reviews support decreased rates of stroke-associated pneumonia an…,0,0,,
GUIDE2022_1_FACT_246,Recommendation-Specific Supportive Text,fact,脑出血,There is evidence to suggest that patients with stroke may have up to a 30% risk…,0,0,,
GUIDE2022_1_FACT_247,Recommendation-Specific Supportive Text,fact,其他,267 Neither of these studies were predictive of long-term outcomes or mortality …,0,0,,
GUIDE2022_1_FACT_248,Recommendation-Specific Supportive Text,fact,脑出血,"Infectious complications are associated with poor long-term outcomes, including …",0,0,,
GUIDE2022_1_FACT_249,Recommendation-Specific Supportive Text,fact,脑出血,"It is reasonable for all patients with ICH, especially those with larger hematom…",0,0,,
GUIDE2022_1_FACT_250,Knowledge Gaps and Future Research,fact,其他,Additional diagnostic tests for early identification of infectious processes are…,0,0,,
GUIDE2022_1_FACT_251,Knowledge Gaps and Future Research,fact,脑出血,Growing evidence suggests that inpatient delirium can affect patients’ LOS and l…,0,0,,
GUIDE2022_1_FACT_252,5.3.3. Thromboprophylaxis and Treatment of Thrombosis,fact,DVT|脑出血,"<table><tr><td colspan=""3"">Recommendations for Thromboprophylaxis and Treatment …",0,0,,
GUIDE2022_1_FACT_253,5.3.3. Thromboprophylaxis and Treatment of Thrombosis,fact,HE预测|脑出血,"In nonambulatory patients with spontaneous ICH, initiating low-dose UFH or LMWH …",0,0,,
GUIDE2022_1_FACT_254,5.3.3. Thromboprophylaxis and Treatment of Thrombosis,fact,DVT|脑出血,$^{285}$ </td></tr><tr><td>2b</td><td>C-LD</td><td>6.,0,0,,
GUIDE2022_1_FACT_255,Synopsis,fact,DVT|脑出血,"Mechanical DVT prophylaxis is rarely contraindicated, and the writing group reco…",0,0,,
GUIDE2022_1_FACT_256,Synopsis,fact,HE预测|脑出血,"In a large registry of patients with VTE, insertion of an inferior vena cava (IV…",0,0,,
GUIDE2022_1_FACT_257,Recommendation-Specific Supportive Text,fact,DVT|脑出血,The in-hospital incidence of thromboembolic complications in patients with ICH i…,0,0,,
GUIDE2022_1_FACT_258,Recommendation-Specific Supportive Text,fact,DVT,"275 In the entire study population, there was a reduction of symptomatic and asy…",0,0,,
GUIDE2022_1_FACT_259,Recommendation-Specific Supportive Text,fact,HE预测|DVT|脑出血,In a meta-analysis of 2 RCTs and 2 observational studies with a total of 1000 pa…,0,0,,
GUIDE2022_1_FACT_260,Recommendation-Specific Supportive Text,fact,HE预测|评分系统,280 In a more recent meta-analysis of 9 studies and >4000 patients but addressin…,0,0,,
GUIDE2022_1_FACT_261,Recommendation-Specific Supportive Text,fact,HE预测|脑出血,"There is clear indication for beginning VTE prophylaxis after ICH, with the goal…",0,0,,
GUIDE2022_1_FACT_262,Recommendation-Specific Supportive Text,fact,脑出血,"The early start was 4 days (versus 10 days) after the ICH diagnosis in the RCT,2…",0,0,,
GUIDE2022_1_FACT_263,Recommendation-Specific Supportive Text,fact,其他,In another large observational study with start of prophylaxis (UFH or LMWH) 0 t…,0,0,,
GUIDE2022_1_FACT_264,Recommendation-Specific Supportive Text,fact,DVT|脑出血,A meta-analysis of 2 RCTs and 2 observational studies showed that graduated comp…,0,0,,
GUIDE2022_1_FACT_265,Recommendation-Specific Supportive Text,fact,DVT|脑出血,284 Compression stockings were less effective than IPC to reduce VTE in a networ,0,0,,
GUIDE2022_1_FACT_266,Recommendation-Specific Supportive Text,fact,其他,In the RIETE registry (Computerized Registry of Patients With Venous Thromboembo…,0,0,,
GUIDE2022_1_FACT_267,Recommendation-Specific Supportive Text,fact,评分系统|脑出血,"With regard to treatment of VTE, in a retrospective cohort study of 2902 patient…",0,0,,
GUIDE2022_1_FACT_268,Recommendation-Specific Supportive Text,fact,其他,"5 days from the injury, whereas those without expansion had their anticoagulatio…",0,0,,
GUIDE2022_1_FACT_269,Knowledge Gaps and Future Research,fact,DVT|脑出血,• It is unknown whether graduated compression stockings or IPC devices increase …,0,0,,
GUIDE2022_1_FACT_270,Knowledge Gaps and Future Research,fact,脑出血,A large prospective study comparing 2 time points for initiation of pharmacologi…,0,0,,
GUIDE2022_1_FACT_271,Knowledge Gaps and Future Research,fact,脑出血,Future studies should address whether anticoagulation for VTE in spontaneous ICH…,0,0,,
GUIDE2022_1_FACT_272,Knowledge Gaps and Future Research,fact,评分系统|脑出血,"<table><tr><td colspan=""3"">Recommendations for Nursing CareReferenced studies th…",0,0,,
GUIDE2022_1_FACT_273,Knowledge Gaps and Future Research,fact,脑出血,"In patients with spontaneous ICH, specialized nurse stroke competencies can be e…",0,0,,
GUIDE2022_1_FACT_274,Synopsis,fact,ICP监测|脑出血,"Nursing care for the patient with ICH is complex and multifaceted, often requiri…",0,0,,
GUIDE2022_1_FACT_275,Synopsis,fact,脑出血,and delayed ND have on patient mortality and functional outcome.,0,0,,
GUIDE2022_1_FACT_276,Recommendation-Specific Supportive Text,fact,评分系统|脑出血,Frequent occurrence of early ND in patients with ICH is well established in mult…,0,0,,
GUIDE2022_1_FACT_277,Recommendation-Specific Supportive Text,fact,评分系统,Timely interventions from nurses and physicians are driven by early identificati…,0,0,,
GUIDE2022_1_FACT_278,Recommendation-Specific Supportive Text,fact,脑出血,Frequent neurological and vital sign assessments of patients with ICH are indica…,0,0,,
GUIDE2022_1_FACT_279,Recommendation-Specific Supportive Text,fact,评分系统|脑出血,"102,292 In a prospective observational study of hourly neurological checks in a …",0,0,,
GUIDE2022_1_FACT_280,Recommendation-Specific Supportive Text,fact,脑出血,Nurse stroke competencies are a hallmark of providing evidence-based care.,0,0,,
GUIDE2022_1_FACT_281,Recommendation-Specific Supportive Text,fact,其他,Another study highlights increased nursing stroke care knowledge and increased c…,0,0,,
GUIDE2022_1_FACT_282,Knowledge Gaps and Future Research,fact,其他,The benefit versus risk of frequent nursing neurological and vital sign assessme…,0,0,,
GUIDE2022_1_FACT_283,Knowledge Gaps and Future Research,fact,脑出血,"Many studies provide evidence that ND, early or delayed, is prevalent in the ICH…",0,0,,
GUIDE2022_1_FACT_284,Knowledge Gaps and Future Research,fact,脑出血,"<table><tr><td colspan=""3"">Recommendations for Glucose ManagementReferenced stud…",0,0,,
GUIDE2022_1_FACT_285,Knowledge Gaps and Future Research,fact,其他,"$^{78,302–307}$ </td></tr></table>",0,0,,
GUIDE2022_1_FACT_286,Synopsis,fact,脑出血,Glucose monitoring and management are often considered part of the general care …,0,0,,
GUIDE2022_1_FACT_287,Recommendation-Specific Supportive Text,fact,其他,Monitoring serum glucose is important because it can provide an opportunity to i…,0,0,,
GUIDE2022_1_FACT_288,Recommendation-Specific Supportive Text,fact,其他,No trials have analyzed the effects of untreated hypoglycemia given the known ac…,0,0,,
GUIDE2022_1_FACT_289,Recommendation-Specific Supportive Text,fact,其他,299 An important finding was that severe hypoglycemic events (glucose ≤40 mg/dL)…,0,0,,
GUIDE2022_1_FACT_290,Recommendation-Specific Supportive Text,fact,脑出血,"300 Balancing the risks of hypoglycemia and hyperglycemia, both of which may wor…",0,0,,
GUIDE2022_1_FACT_291,Recommendation-Specific Supportive Text,fact,其他,"No trials have evaluated untreated hyperglycemia, rendering the data for this ap…",0,0,,
GUIDE2022_1_FACT_292,Recommendation-Specific Supportive Text,fact,其他,"However, in the NICE-SUGAR trial, in patients receiving general critical care, a…",0,0,,
GUIDE2022_1_FACT_293,Knowledge Gaps and Future Research,fact,脑出血,Optimized serum glucose targets and the optimal agents for glucose control in pa…,0,0,,
GUIDE2022_1_FACT_294,5.3.6. Temperature Management,fact,脑出血,"<table><tr><td colspan=""3"">Recommendations for Temperature ManagementReferenced …",0,0,,
GUIDE2022_1_FACT_295,Synopsis,fact,脑出血,Temperature abnormalities in the setting of acute ICH are common and can occur i…,0,0,,
GUIDE2022_1_FACT_296,Synopsis,fact,其他,"As part of their evaluation, blood cultures were obtained that provided a diagno…",0,0,,
GUIDE2022_1_FACT_297,Recommendation-Specific Supportive Text,fact,脑出血,Fever in patients with ICH has been associated with worse outcomes.,0,0,,
GUIDE2022_1_FACT_298,Recommendation-Specific Supportive Text,fact,其他,"In addition, there is significant variability in the literature on the approach …",0,0,,
GUIDE2022_1_FACT_299,Recommendation-Specific Supportive Text,fact,其他,5 ^ { \circ } \mathrm { C }$ for 48 hours was associated with an increased likel…,0,0,,
GUIDE2022_1_FACT_300,Recommendation-Specific Supportive Text,fact,其他,Therapeutic hypothermia (35 °C/95 °F to $3 6 .,0,0,,
GUIDE2022_1_FACT_301,Knowledge Gaps and Future Research,fact,脑出血,Treating fever in patients with ICH and improving outcomes remains an opportunit…,0,0,,
GUIDE2022_1_FACT_302,Knowledge Gaps and Future Research,fact,脑出血,"<table><tr><td colspan=""3"">Recommendations for Seizures and Antiseizure DrugsRef…",0,0,,
GUIDE2022_1_FACT_303,Knowledge Gaps and Future Research,fact,脑出血,In patients with spontaneous ICH and unexplained abnormal or fluctuating mental …,0,0,,
GUIDE2022_1_FACT_304,Synopsis,fact,其他,"In this guideline, the writing group uses the International League Against Epile…",0,0,,
GUIDE2022_1_FACT_305,Synopsis,fact,脑出血,"327,333–335 Prophylactic use of antiseizure drugs, however, is of unclear benefi…",0,0,,
GUIDE2022_1_FACT_306,Recommendation-Specific Supportive Text,fact,脑出血,There is uncertainty about the prognostic significance of abnormal electrographi…,0,0,,
GUIDE2022_1_FACT_307,Recommendation-Specific Supportive Text,fact,脑出血,"There are no large, prospective RCTs to demonstrate the efficacy of treating sei…",0,0,,
GUIDE2022_1_FACT_308,Recommendation-Specific Supportive Text,fact,脑出血,Risk scores such as the CAVE score340 can be used to estimate the risk of late s…,0,0,,
GUIDE2022_1_FACT_309,Recommendation-Specific Supportive Text,fact,脑出血,The primary focus is on those with possible seizures that are likely contributin…,0,0,,
GUIDE2022_1_FACT_310,Recommendation-Specific Supportive Text,fact,其他,"Among patients in a coma, 36% required continuous electroencephalography monitor…",0,0,,
GUIDE2022_1_FACT_311,Recommendation-Specific Supportive Text,fact,脑出血,Earlier studies suggested that prophylactic antiseizure drugs such as phenytoin …,0,0,,
GUIDE2022_1_FACT_312,Recommendation-Specific Supportive Text,fact,其他,345 Another meta-analysis reported that neither levetiracetam nor phenytoin prop…,0,0,,
GUIDE2022_1_FACT_313,Knowledge Gaps and Future Research,fact,脑出血,• The relationship between seizures and outcomes and the impact of antiseizure m…,0,0,,
GUIDE2022_1_FACT_314,"5.5. Neuroinvasive Monitoring, ICP, and Edema Treatment",fact,ICP监测|脑出血,"<table><tr><td colspan=""3"">Recommendations for Neuroinvasive Monitoring, ICP, an…",0,0,,
GUIDE2022_1_FACT_315,"5.5. Neuroinvasive Monitoring, ICP, and Edema Treatment",fact,ICP监测|脑出血,"In patients with spontaneous ICH, the efficacy of early prophylactic hyperosmola…",0,0,,
GUIDE2022_1_FACT_316,Synopsis,fact,ICP监测|脑出血,Limited data exist with respect to the frequency of elevated ICP and its managem…,0,0,,
GUIDE2022_1_FACT_317,Synopsis,fact,ICP监测|评分系统|脑出血,"In patients with ICH with a GCS score ≤8, ICP monitoring and treatment might be …",0,0,,
GUIDE2022_1_FACT_318,Recommendation-Specific Supportive Text,fact,ICP监测|评分系统|脑出血,Hydrocephalus (Section 5.,0,0,,
GUIDE2022_1_FACT_319,Recommendation-Specific Supportive Text,fact,脑出血,"348 A systematic review demonstrates that treatment with ventricular drainage, c…",0,0,,
GUIDE2022_1_FACT_320,Recommendation-Specific Supportive Text,fact,脑出血,Although postventriculostomy hemorrhage is reasonably common in the setting of I…,0,0,,
GUIDE2022_1_FACT_321,Recommendation-Specific Supportive Text,fact,ICP监测|脑出血,The frequency at which ICP elevations occur after ICH is unclear.,0,0,,
GUIDE2022_1_FACT_322,Recommendation-Specific Supportive Text,fact,ICP监测|评分系统|脑出血,"Studies including secondary analysis of 1 RCT suggest that increased ICP levels,…",0,0,,
GUIDE2022_1_FACT_323,Recommendation-Specific Supportive Text,fact,MISTIE III|HICH诊断|ICP监测|脑出血,353 Secondary analyses of the ERICH (Ethnic/ Racial Variations of Intracerebral …,0,0,,
GUIDE2022_1_FACT_324,Recommendation-Specific Supportive Text,fact,ICP监测|脑出血,Prophylactic administration of hyperosmolar agents (including mannitol and hyper…,0,0,,
GUIDE2022_1_FACT_325,Recommendation-Specific Supportive Text,fact,脑出血,359 A 2007 Cochrane review concluded that there was not enough evidence to deter…,0,0,,
GUIDE2022_1_FACT_326,Recommendation-Specific Supportive Text,fact,ICP监测,Hyperosmolar therapy is the principal medical strategy in the treatment of cereb…,0,0,,
GUIDE2022_1_FACT_327,Recommendation-Specific Supportive Text,fact,ICP监测|脑出血,363 The optimal mannitol dose required for individual patients with ICH with ele…,0,0,,
GUIDE2022_1_FACT_328,Recommendation-Specific Supportive Text,fact,脑出血,A 1987 randomized controlled study found that dexamethasone treatment resulted i…,0,0,,
GUIDE2022_1_FACT_329,Recommendation-Specific Supportive Text,fact,脑出血,"Taken together, these studies suggest that there may be some risk, in addition t…",0,0,,
GUIDE2022_1_FACT_330,Knowledge Gaps and Future Research,fact,ICP监测|评分系统|脑出血,"Because of a paucity of disease-specific data, indications for ICP monitoring in…",0,0,,
GUIDE2022_1_FACT_331,Knowledge Gaps and Future Research,fact,ICP监测|脑出血,A meta-analysis demonstrated a potential advantage of hypertonic saline over man…,0,0,,
GUIDE2022_1_FACT_332,Knowledge Gaps and Future Research,fact,脑出血,Neuroinvasive monitoring is advancing rapidly.,0,0,,
GUIDE2022_1_FACT_333,Knowledge Gaps and Future Research,fact,脑出血,Hyperosmolar therapy is typically administered in 4- to 6-hour intervals.,0,0,,
GUIDE2022_1_FACT_334,6.1. Hematoma Evacuation,fact,脑出血,1.,0,0,,
GUIDE2022_1_FACT_335,6.1. Hematoma Evacuation,fact,评分系统|脑出血,"<table><tr><td colspan=""3"">Recommendations for MIS Evacuation of ICHReferenced s…",0,0,,
GUIDE2022_1_FACT_336,6.1. Hematoma Evacuation,fact,评分系统|脑出血,For patients with supratentorial ICH of &gt;20- to 30-mL volume with GCS scores …,0,0,,
GUIDE2022_1_FACT_337,Synopsis,fact,MISTIE III|脑出血,"MIS for supratentorial ICH has the appeal of relieving hematoma volume, reducing…",0,0,,
GUIDE2022_1_FACT_338,Synopsis,fact,其他,"As a primary recommendation, minimally invasive hematoma evacuation with endosco…",0,0,,
GUIDE2022_1_FACT_339,Recommendation-Specific Supportive Text,fact,MISTIE III,"Mortality, a prespecified secondary analysis in MISTIE III, was significantly lo…",0,0,,
GUIDE2022_1_FACT_340,Recommendation-Specific Supportive Text,fact,MISTIE III,"380,382,386–390,394 Multiple safety end points were addressed in the MISTIE III …",0,0,,
GUIDE2022_1_FACT_341,Recommendation-Specific Supportive Text,fact,脑出血,"391,398,400,405,406,408,411–413 Most RCTs enrolled patients <80 years of age, al",0,0,,
GUIDE2022_1_FACT_342,Recommendation-Specific Supportive Text,fact,其他,Studies comparing MIS with conventional craniotomy have shown improved outcomes …,0,0,,
GUIDE2022_1_FACT_343,Recommendation-Specific Supportive Text,fact,斑点征|CTA|脑出血,382 RCTs comparing MIS with craniotomy have included patients with ICH volume >2…,0,0,,
GUIDE2022_1_FACT_344,Recommendation-Specific Supportive Text,fact,MISTIE III|脑出血,Many small RCTs of MIS show a functional outcome benefit from MIS compared with …,0,0,,
GUIDE2022_1_FACT_345,Recommendation-Specific Supportive Text,fact,脑出血,Metaanalyses of this and smaller clinical trials and observational studies from …,0,0,,
GUIDE2022_1_FACT_346,Knowledge Gaps and Future Research,fact,评分系统|脑出血,Current evidence does not support specific recommendations for selecting candida…,0,0,,
GUIDE2022_1_FACT_347,Knowledge Gaps and Future Research,fact,其他,Although a functional outcome benefit of MIS compared with conventional cranioto…,0,0,,
GUIDE2022_1_FACT_348,Knowledge Gaps and Future Research,fact,脑出血,"Currently, no adequately powered clinical trial data compare different devices f…",0,0,,
GUIDE2022_1_FACT_349,Knowledge Gaps and Future Research,fact,脑出血,"<table><tr><td colspan=""3"">Recommendations for MIS Evacuation of IVHReferenced s…",0,0,,
GUIDE2022_1_FACT_350,Knowledge Gaps and Future Research,fact,评分系统|脑出血,$^{415-418}$ </td></tr><tr><td>2b</td><td>B-R</td><td>3.,0,0,,
GUIDE2022_1_FACT_351,Knowledge Gaps and Future Research,fact,脑出血,"<table><tr><td colspan=""3"">Recommendations for MIS Evacuation of IVH (Continued)…",0,0,,
GUIDE2022_1_FACT_352,Synopsis,fact,脑出血,Intraventricular extension of ICH occurs in 30% to 50% of patients with ICH and …,0,0,,
GUIDE2022_1_FACT_353,Synopsis,fact,其他,"416,422 The current recommendations (illustrated in Figure 3) are based primaril…",0,0,,
GUIDE2022_1_FACT_354,Synopsis,fact,其他,Other interventions studied for removing large volumes of IVH and reducing perma…,0,0,,
GUIDE2022_1_FACT_355,Recommendation-Specific Supportive Text,fact,评分系统|脑出血,In patients with moderate to large IVH and higher clinical severity (defined in …,0,0,,
GUIDE2022_1_FACT_356,Recommendation-Specific Supportive Text,fact,评分系统|脑出血,[](images/f9c9c7bf8b8187df9df66460bfe9316110be5370d6418baa3bc0b68b2603602b.,0,0,,
GUIDE2022_1_FACT_357,Recommendation-Specific Supportive Text,fact,评分系统|脑出血,Surgical management of IVH.,0,0,,
GUIDE2022_1_FACT_358,Recommendation-Specific Supportive Text,fact,脑出血,In patients with IVH obstructing the third or fourth ventricle and small- to mod…,0,0,,
GUIDE2022_1_FACT_359,Recommendation-Specific Supportive Text,fact,其他,"415,417,418 Multiple safety end points were addressed in CLEAR III, including sy…",0,0,,
GUIDE2022_1_FACT_360,Recommendation-Specific Supportive Text,fact,脑出血,It is not clear whether EVD plus IVT improves functional outcomes.,0,0,,
GUIDE2022_1_FACT_361,Recommendation-Specific Supportive Text,fact,评分系统,"In CLEAR III, a greater proportion of patients in the IVT arm had severe disabil…",0,0,,
GUIDE2022_1_FACT_362,Recommendation-Specific Supportive Text,fact,其他,"For patients being considered for IVT, shared decision-making between physicians…",0,0,,
GUIDE2022_1_FACT_363,Recommendation-Specific Supportive Text,fact,脑出血,"Compared with conservative treatment, there is uncertainty over whether EVD alon…",0,0,,
GUIDE2022_1_FACT_364,Recommendation-Specific Supportive Text,fact,其他,"In this retrospective cohort, it is possible that patients who received an EVD w…",0,0,,
GUIDE2022_1_FACT_365,Recommendation-Specific Supportive Text,fact,其他,Endoscopic surgery for hypertensive IVH combined with EVD with or without IVT ha…,0,0,,
GUIDE2022_1_FACT_366,Recommendation-Specific Supportive Text,fact,其他,A network meta-analysis reported improved survival and functional outcomes for e…,0,0,,
GUIDE2022_1_FACT_367,Knowledge Gaps and Future Research,fact,脑出血,Current evidence does not support specific recommendations for selecting patient…,0,0,,
GUIDE2022_1_FACT_368,Knowledge Gaps and Future Research,fact,其他,Exploratory analyses of CLEAR III suggest associations of improved functional ou…,0,0,,
GUIDE2022_1_FACT_369,Knowledge Gaps and Future Research,fact,其他,"Currently, no adequately powered clinical trial data compare different surgical …",0,0,,
GUIDE2022_1_FACT_370,Knowledge Gaps and Future Research,fact,脑出血,"<table><tr><td colspan=""3"">Recommendations for Craniotomy for Supratentorial Hem…",0,0,,
GUIDE2022_1_FACT_371,Synopsis,fact,脑出血,"For most patients, craniotomy for spontaneous ICH remains of uncertain benefit c…",0,0,,
GUIDE2022_1_FACT_372,Synopsis,fact,STICH研究|氨甲环酸|脑出血,A small single-arm series of 11 patients raised concern about the safety of cran…,0,0,,
GUIDE2022_1_FACT_373,Recommendation-Specific Supportive Text,fact,STICH研究|氨甲环酸|脑出血,Craniotomy for ICH of volume >10 mL in patients with significant neurological de…,0,0,,
GUIDE2022_1_FACT_374,Recommendation-Specific Supportive Text,fact,STICH研究|氨甲环酸|脑出血,Despite the unclear value of craniotomy to improve overall functional benefit or…,0,0,,
GUIDE2022_1_FACT_375,Recommendation-Specific Supportive Text,fact,STICH研究|氨甲环酸|脑出血,429 This suggestion of a mortality benefit was further supported by a recent sma…,0,0,,
GUIDE2022_1_FACT_376,Knowledge Gaps and Future Research,fact,STICH研究|氨甲环酸|脑出血,The potential impact of timing of craniotomy for ICH on outcome remains debated.,0,0,,
GUIDE2022_1_FACT_377,Knowledge Gaps and Future Research,fact,其他,worse outcome beyond 62 hours.,0,0,,
GUIDE2022_1_FACT_378,6.1.4. Craniotomy for Posterior Fossa Hemorrhage,fact,脑出血,"<table><tr><td colspan=""3"">Recommendations for Craniotomy for Posterior Fossa He…",0,0,,
GUIDE2022_1_FACT_379,Synopsis,fact,其他,"Spontaneous cerebellar hemorrhage is frequently associated with hydrocephalus, b…",0,0,,
GUIDE2022_1_FACT_380,Synopsis,fact,脑出血,"254,445–451 As a primary recommendation, urgent surgical hematoma evacuation wit…",0,0,,
GUIDE2022_1_FACT_381,Recommendation-Specific Supportive Text,fact,其他,"In an individual-patient data meta-analysis, for patients with spontaneous cereb…",0,0,,
GUIDE2022_1_FACT_382,Recommendation-Specific Supportive Text,fact,其他,443 A large retrospective review found that pooled mortality rates were lower in…,0,0,,
GUIDE2022_1_FACT_383,Recommendation-Specific Supportive Text,fact,其他,448 Most studies support a lifesaving benefit from surgery under conditions of a…,0,0,,
GUIDE2022_1_FACT_384,Knowledge Gaps and Future Research,fact,脑出血,A perceived lack of equipoise concerning the lifesaving benefits of surgical eva…,0,0,,
GUIDE2022_1_FACT_385,Knowledge Gaps and Future Research,fact,脑出血,"For such patients, a retrospective study reported that an initial conservative a…",0,0,,
GUIDE2022_1_FACT_386,Knowledge Gaps and Future Research,fact,脑出血,or without decompression is an important topic for future clinical trials.,0,0,,
GUIDE2022_1_FACT_387,6.2. Craniectomy for ICH,fact,ICP监测|脑出血,"<table><tr><td colspan=""3"">Recommendations for Craniectomy for ICHReferenced stu…",0,0,,
GUIDE2022_1_FACT_388,6.2. Craniectomy for ICH,fact,ICP监测|脑出血,"In patients with supratentorial ICH who are in a coma, have large hematomas with…",0,0,,
GUIDE2022_1_FACT_389,Synopsis,fact,ICP监测|脑出血,Large supratentorial ICH is often associated with clinical deterioration and ele…,0,0,,
GUIDE2022_1_FACT_390,Synopsis,fact,ICP监测|脑出血,"As a primary recommendation, decompressive hemicraniectomy may be considered to …",0,0,,
GUIDE2022_1_FACT_391,Recommendation-Specific Supportive Text,fact,ICP监测|评分系统,Retrospective case series demonstrate that decompressive craniectomy is safe and…,0,0,,
GUIDE2022_1_FACT_392,Recommendation-Specific Supportive Text,fact,其他,"The systematic review (1 RCT, 8 retrospective studies) included only patients wh…",0,0,,
GUIDE2022_1_FACT_393,Recommendation-Specific Supportive Text,fact,评分系统|脑出血,There is less evidence of beneficial effects of decompressive craniectomy on fun…,0,0,,
GUIDE2022_1_FACT_394,Recommendation-Specific Supportive Text,fact,其他,458 This study demonstrated reduced mortality (10% versus 25%) and improved func…,0,0,,
GUIDE2022_1_FACT_395,Recommendation-Specific Supportive Text,fact,其他,"461 A meta-analysis (1 RCT, 7 observational studies) reported that decompressive…",0,0,,
GUIDE2022_1_FACT_396,Knowledge Gaps and Future Research,fact,MRI|脑出血,There is a perceived lack of equipoise regarding the lifesaving benefits of deco…,0,0,,
GUIDE2022_1_FACT_397,Knowledge Gaps and Future Research,fact,脑出血,Previous studies have not directly addressed timing of decompressive craniectomy…,0,0,,
GUIDE2022_1_FACT_398,Knowledge Gaps and Future Research,fact,ICP监测|脑出血,"However, literature exists with respect to hemicraniectomy size in the setting o…",0,0,,
GUIDE2022_1_FACT_399,7.1. Outcome Prediction,fact,脑出血,"<table><tr><td colspan=""3"">Recommendations for Outcome PredictionReferenced stud…",0,0,,
GUIDE2022_1_FACT_400,7.1. Outcome Prediction,fact,脑出血,"In patients with spontaneous ICH, a baseline severity score should not be used a…",0,0,,
GUIDE2022_1_FACT_401,Synopsis,fact,脑出血,"In the past 2 decades, baseline measures of ICH severity have been developed and…",0,0,,
GUIDE2022_1_FACT_402,Recommendation-Specific Supportive Text,fact,脑出血,Several baseline measures of ICH severity have been developed and tested in inde…,0,0,,
GUIDE2022_1_FACT_403,Recommendation-Specific Supportive Text,fact,脑出血,This risk stratification can be useful for quality care metrics and for clinical…,0,0,,
GUIDE2022_1_FACT_404,Recommendation-Specific Supportive Text,fact,其他,It is important to note that several complementary analyses also highlight the p…,0,0,,
GUIDE2022_1_FACT_405,Recommendation-Specific Supportive Text,fact,其他,"Similarly, another prospective analysis found that the subjective judgment of cl…",0,0,,
GUIDE2022_1_FACT_406,Knowledge Gaps and Future Research,fact,脑出血,"The application of other baseline biomarkers (imaging, fluid, or electrophysiolo…",0,0,,
GUIDE2022_1_FACT_407,Knowledge Gaps and Future Research,fact,脑出血,The use of baseline severity scores in stratification for care decisions or plac…,0,0,,
GUIDE2022_1_FACT_408,Knowledge Gaps and Future Research,fact,脑出血,"<table><tr><td colspan=""3"">Recommendations for Decisions to Limit Life-Sustainin…",0,0,,
GUIDE2022_1_FACT_409,Knowledge Gaps and Future Research,fact,脑出血,In patients with spontaneous ICH who are unable to fully participate in medical …,0,0,,
GUIDE2022_1_FACT_410,Synopsis,fact,脑出血,Most patients with ICH who die in the hospital do so after decisions are made by…,0,0,,
GUIDE2022_1_FACT_411,Synopsis,fact,脑出血,Numerous studies have found that care limitations in the form of withdrawal of m…,0,0,,
GUIDE2022_1_FACT_412,Synopsis,fact,其他,"All recommendations should be considered within the relevant cultural, religious…",0,0,,
GUIDE2022_1_FACT_413,Recommendation-Specific Supportive Text,fact,脑出血,To avoid the self-fulfilling prophecy of poor outcome during a time period in wh…,0,0,,
GUIDE2022_1_FACT_414,Recommendation-Specific Supportive Text,fact,其他,"479,480,484 However, the optimal and sufficient duration of a trial of aggressiv…",0,0,,
GUIDE2022_1_FACT_415,Recommendation-Specific Supportive Text,fact,脑出血,"As a result of neurological impairment, many patients with ICH are unable to par…",0,0,,
GUIDE2022_1_FACT_416,Recommendation-Specific Supportive Text,fact,其他,One study found that surrogate satisfaction was associated with greater use of a…,0,0,,
GUIDE2022_1_FACT_417,Recommendation-Specific Supportive Text,fact,其他,Medical orders for DNAR status are specific in that they would apply solely in t…,0,0,,
GUIDE2022_1_FACT_418,Recommendation-Specific Supportive Text,fact,其他,Because of the association of DNAR orders with both less aggressive care beyond …,0,0,,
GUIDE2022_1_FACT_419,Knowledge Gaps and Future Research,fact,其他,The sufficient and optimal duration for a time-limited trial of aggressive thera…,0,0,,
GUIDE2022_1_FACT_420,Knowledge Gaps and Future Research,fact,脑出血,"The impacts of decisional regret, change in lifestyle, and psychological outcome…",0,0,,
GUIDE2022_1_FACT_421,8.1. Rehabilitation and Recovery,fact,脑出血,"<table><tr><td colspan=""3"">Recommendations for Rehabilitation and RecoveryRefere…",0,0,,
GUIDE2022_1_FACT_422,8.1. Rehabilitation and Recovery,fact,脑出血,"In patients with spontaneous ICH with moderate severity, early rehabilitation be…",0,0,,
GUIDE2022_1_FACT_423,Synopsis,fact,其他,Stroke rehabilitation includes a number of tailored measures from different prof…,0,0,,
GUIDE2022_1_FACT_424,Synopsis,fact,其他,Early supported discharge allows care and services to be transferred from the ho…,0,0,,
GUIDE2022_1_FACT_425,Recommendation-Specific Supportive Text,fact,其他,Stroke unit care is a model in which a multidisciplinary team of stroke speciali…,0,0,,
GUIDE2022_1_FACT_426,Recommendation-Specific Supportive Text,fact,评分系统|脑出血,"Many patients with mild to moderate disability (eg, mRS score ≤3) after ICH can …",0,0,,
GUIDE2022_1_FACT_427,Recommendation-Specific Supportive Text,fact,其他,This has been shown to work in different countries with different health care sy…,0,0,,
GUIDE2022_1_FACT_428,Recommendation-Specific Supportive Text,fact,脑出血,Studies generally support early institution of rehabilitation activities.,0,0,,
GUIDE2022_1_FACT_429,Recommendation-Specific Supportive Text,fact,评分系统|脑出血,Lying flat to improve cerebral perfusion was not associated with benefit for the…,0,0,,
GUIDE2022_1_FACT_430,Recommendation-Specific Supportive Text,fact,脑出血,A trial of very early mobilization (AVERT [A Very Early Rehabilitation Trial) co…,0,0,,
GUIDE2022_1_FACT_431,Knowledge Gaps and Future Research,fact,其他,"An area for future study is patients’ return to work, driving, and participation…",0,0,,
GUIDE2022_1_FACT_432,Knowledge Gaps and Future Research,fact,脑出血,"However, it seems as though intercourse increases BP only slightly (up to ≈140 m…",0,0,,
GUIDE2022_1_FACT_433,Knowledge Gaps and Future Research,fact,脑出血,Another emerging recovery modality that should be studied after ICH is remote vi…,0,0,,
GUIDE2022_1_FACT_434,8.2. Neurobehavioral Complications,fact,脑出血,"<table><tr><td colspan=""3"">Recommendations for Neurobehavioral ComplicationsRefe…",0,0,,
GUIDE2022_1_FACT_435,8.2. Neurobehavioral Complications,fact,脑出血,"In patients with spontaneous ICH, administration of a cognitive screening tool i…",0,0,,
GUIDE2022_1_FACT_436,8.2. Neurobehavioral Complications,fact,脑出血,"In patients with spontaneous ICH and cognitive impairment, treatment with cholin…",0,0,,
GUIDE2022_1_FACT_437,Synopsis,fact,脑出血,Mood disturbances and cognitive dysfunction are common consequences after ICH.,0,0,,
GUIDE2022_1_FACT_438,Synopsis,fact,脑出血,"525 Neurobehavioral complications after ICH are underrecognized by clinicians, l…",0,0,,
GUIDE2022_1_FACT_439,Synopsis,fact,其他,"Poststroke depression also can lead to suicide, which is twice as high in the fi…",0,0,,
GUIDE2022_1_FACT_440,Recommendation-Specific Supportive Text,fact,其他,Patients with poststroke depression and anxiety should be referred to a mental h…,0,0,,
GUIDE2022_1_FACT_441,Recommendation-Specific Supportive Text,fact,其他,"493,496,549 Several studies suggest that transcranial magnetic stimulation also …",0,0,,
GUIDE2022_1_FACT_442,Recommendation-Specific Supportive Text,fact,其他,Validated screening tools to evaluate for depression and anxiety can lead to imp…,0,0,,
GUIDE2022_1_FACT_443,Recommendation-Specific Supportive Text,fact,脑出血,"Therefore, any of these screening tools can be used to assess for post-ICH mood …",0,0,,
GUIDE2022_1_FACT_444,Recommendation-Specific Supportive Text,fact,其他,Multiple tests are available to screen for cognitive impairment.,0,0,,
GUIDE2022_1_FACT_445,Recommendation-Specific Supportive Text,fact,其他,"510,552 The Depression, Obstructive Sleep Apnea, and Cognitive Impairment screen…",0,0,,
GUIDE2022_1_FACT_446,Recommendation-Specific Supportive Text,fact,脑出血,"Evidence shows that dementia continues to develop after ICH; thus, screening sho…",0,0,,
GUIDE2022_1_FACT_447,Recommendation-Specific Supportive Text,fact,其他,"Cognitive therapy, broadly defined as standardized tasks designed to engage, mai…",0,0,,
GUIDE2022_1_FACT_448,Recommendation-Specific Supportive Text,fact,脑出血,512 The potential benefits of cognitive therapy for post-ICH dementia have not b…,0,0,,
GUIDE2022_1_FACT_449,Recommendation-Specific Supportive Text,fact,脑出血,The use of SSRIs is beneficial to reduce symptoms of depression and anxiety afte…,0,0,,
GUIDE2022_1_FACT_450,Recommendation-Specific Supportive Text,fact,脑出血,"493,494,496,536,549 In patients with ICH, SSRIs should therefore be reserved for…",0,0,,
GUIDE2022_1_FACT_451,Recommendation-Specific Supportive Text,fact,脑出血,There have been no specific trials of treatment of ICH-related cognitive impairm…,0,0,,
GUIDE2022_1_FACT_452,Recommendation-Specific Supportive Text,fact,脑出血,The cholinesterase inhibitor donepezil has been shown more consistently to impro…,0,0,,
GUIDE2022_1_FACT_453,Knowledge Gaps and Future Research,fact,脑出血,"Further research is needed to determine the optimal screening tools, timing, and…",0,0,,
GUIDE2022_1_FACT_454,Knowledge Gaps and Future Research,fact,脑出血,"reuptake inhibitors, leading to uncertainty about individual medication choices …",0,0,,
GUIDE2022_1_FACT_455,9.1.1. Prognostication of Future ICH Risk,fact,脑出血,"<table><tr><td colspan=""3"">Recommendations for Prognostication of Future ICH Ris…",0,0,,
GUIDE2022_1_FACT_456,9.1.1. Prognostication of Future ICH Risk,fact,脑出血,$^{562-571}$ </td></tr></table>,0,0,,
GUIDE2022_1_FACT_457,Synopsis,fact,脑出血|脑淀粉样变,Survivors of ICH are at risk for hemorrhage recurrence.,0,0,,
GUIDE2022_1_FACT_458,Synopsis,fact,MRI|脑出血,"564 Clinical assessment and laboratory testing, including MRI, are helpful for r…",0,0,,
GUIDE2022_1_FACT_459,Recommendation-Specific Supportive Text,fact,脑出血,Radiological features suggestive of underlying amyloid angiopathy are associated…,0,0,,
GUIDE2022_1_FACT_460,Recommendation-Specific Supportive Text,fact,脑出血,Carriers of apolipoprotein E genotypes associated with amyloid angiopathy are si…,0,0,,
GUIDE2022_1_FACT_461,Knowledge Gaps and Future Research,fact,脑出血,There is insufficient evidence to estimate ICH recurrence risk on an individual-…,0,0,,
GUIDE2022_1_FACT_462,Knowledge Gaps and Future Research,fact,其他,More research is needed into the recurrence risks associated with T2 hyperintens…,0,0,,
GUIDE2022_1_FACT_463,Knowledge Gaps and Future Research,fact,脑出血,"<table><tr><td colspan=""3"">Recommendations for BP ManagementReferenced studies t…",0,0,,
GUIDE2022_1_FACT_464,Synopsis,fact,脑出血,Hypertension has a strong causal association with ICH and is a major modifiable …,0,0,,
GUIDE2022_1_FACT_465,Recommendation-Specific Supportive Text,fact,脑出血,In a large prospective cohort study of 1145 patients with primary ICH and a medi…,0,0,,
GUIDE2022_1_FACT_466,Recommendation-Specific Supportive Text,fact,脑出血,"581 The optimal timing for BP lowering after ICH is not known, and a decision to…",0,0,,
GUIDE2022_1_FACT_467,Recommendation-Specific Supportive Text,fact,脑出血,In the PRoFESS trial (Prevention Regimen for Effectively Avoiding Second Strokes…,0,0,,
GUIDE2022_1_FACT_468,Recommendation-Specific Supportive Text,fact,脑出血,"54 per 10-mmHg increase for recurrent lobar and nonlobar ICH, respectively.",0,0,,
GUIDE2022_1_FACT_469,Knowledge Gaps and Future Research,fact,脑出血,The ideal target BP to prevent ICH recurrence is not known.,0,0,,
GUIDE2022_1_FACT_470,Knowledge Gaps and Future Research,fact,脑出血,"<table><tr><td colspan=""3"">Recommendations for Management of Antithrombotic Agen…",0,0,,
GUIDE2022_1_FACT_471,Knowledge Gaps and Future Research,fact,脑出血,"$^{588,589}$ </td></tr><tr><td>2b</td><td>B-NR</td><td>3.",0,0,,
GUIDE2022_1_FACT_472,Knowledge Gaps and Future Research,fact,脑出血,"In patients with AF and spontaneous ICH deemed ineligible for anticoagulation, l…",0,0,,
GUIDE2022_1_FACT_473,Synopsis,fact,脑出血,Antithrombotic therapy is a mainstay of treatment for patients with ischemic car…,0,0,,
GUIDE2022_1_FACT_474,Synopsis,fact,其他,These risks may assist clinicians in patient selection.,0,0,,
GUIDE2022_1_FACT_475,Recommendation-Specific Supportive Text,fact,脑出血,The balance of prothrombotic risks in patients with ICH and an LVAD or mechanica…,0,0,,
GUIDE2022_1_FACT_476,Recommendation-Specific Supportive Text,fact,脑出血,"182 In patients with mechanical heart valves, 1 study reported that although com…",0,0,,
GUIDE2022_1_FACT_477,Recommendation-Specific Supportive Text,fact,脑出血,The decision to continue antiplatelet therapy in patients with a history of isch…,0,0,,
GUIDE2022_1_FACT_478,Recommendation-Specific Supportive Text,fact,脑出血,603 These results are consistent with a large meta-analysis of 1916 patients wit…,0,0,,
GUIDE2022_1_FACT_479,Recommendation-Specific Supportive Text,fact,脑出血,A number of retrospective analyses have attempted to address the risks and benef…,0,0,,
GUIDE2022_1_FACT_480,Recommendation-Specific Supportive Text,fact,其他,"With these limitations, which include systematic differences between anticoagula…",0,0,,
GUIDE2022_1_FACT_481,Recommendation-Specific Supportive Text,fact,脑出血,The timing of resumption or initiation of anticoagulation in patients with AF an…,0,0,,
GUIDE2022_1_FACT_482,Recommendation-Specific Supportive Text,fact,脑出血,Left atrial appendage closure is an alternative in patients with AF and ICH who …,0,0,,
GUIDE2022_1_FACT_483,Recommendation-Specific Supportive Text,fact,脑出血,"598,599 Rates of ischemic stroke with left atrial appendage closure did not demo…",0,0,,
GUIDE2022_1_FACT_484,Recommendation-Specific Supportive Text,fact,脑出血|脑淀粉样变,601 Other small retrospective studies reported low event rates similar to rates …,0,0,,
GUIDE2022_1_FACT_485,Knowledge Gaps and Future Research,fact,脑出血,In addition to the uncertainty of risk and benefit of anticoagulation in patient…,0,0,,
GUIDE2022_1_FACT_486,Knowledge Gaps and Future Research,fact,脑出血,Most analyses evaluating the role of appropriate antithrombotic therapy in patie…,0,0,,
GUIDE2022_1_FACT_487,Knowledge Gaps and Future Research,fact,脑出血,Prospective data are lacking on the safety and efficacy of left atrial appendage…,0,0,,
GUIDE2022_1_FACT_488,Knowledge Gaps and Future Research,fact,脑出血,"<table><tr><td colspan=""3"">Recommendations for Management of Other MedicationsRe…",0,0,,
GUIDE2022_1_FACT_489,Synopsis,fact,脑出血,"Several classes of medications, including SSRIs, statins, and NSAIDs, have the p…",0,0,,
GUIDE2022_1_FACT_490,Synopsis,fact,脑出血,"NSAID use is associated with an increased risk of bleeding610,611; thus, regular…",0,0,,
GUIDE2022_1_FACT_491,Recommendation-Specific Supportive Text,fact,脑出血,The association of statin use with both acute outcomes and the reduction of recu…,0,0,,
GUIDE2022_1_FACT_492,Recommendation-Specific Supportive Text,fact,脑出血,"614,617 In addition, lipophilic statins may be associated with higher rates of I…",0,0,,
GUIDE2022_1_FACT_493,Recommendation-Specific Supportive Text,fact,脑出血,Clinical trials of the lipid-lowering PCSK9i (proprotein convertase subtilisin/k…,0,0,,
GUIDE2022_1_FACT_494,Recommendation-Specific Supportive Text,fact,脑出血,The use of NSAIDs is associated with an increased risk of bleeding.,0,0,,
GUIDE2022_1_FACT_495,Recommendation-Specific Supportive Text,fact,脑出血,"631 Given the increased risk of bleeding with NSAID use, that patients with ICH …",0,0,,
GUIDE2022_1_FACT_496,Knowledge Gaps and Future Research,fact,脑出血,The effect of statins on long-term incident ischemic and hemorrhagic events in p…,0,0,,
GUIDE2022_1_FACT_497,Knowledge Gaps and Future Research,fact,脑出血,There is growing but still uncertain evidence that some commonly used medication…,0,0,,
GUIDE2022_1_FACT_498,9.1.5. Lifestyle Modifications/Patient and Caregiver Education,fact,脑出血,"<table><tr><td colspan=""3"">Recommendations for Lifestyle Modifications/Patient a…",0,0,,
GUIDE2022_1_FACT_499,9.1.5. Lifestyle Modifications/Patient and Caregiver Education,fact,脑出血,"In patients with spontaneous ICH, lifestyle modification, including supervised t…",0,0,,
GUIDE2022_1_FACT_500,Synopsis,fact,其他,Lifestyle modifications are part of not only primary but also secondary preventi…,0,0,,
GUIDE2022_1_FACT_501,Synopsis,fact,其他,Caregiver interventions include assisting with mobility and ADLs or performing e…,0,0,,
GUIDE2022_1_FACT_502,Recommendation-Specific Supportive Text,fact,其他,There are positive effects from multimodal secondary stroke prevention.,0,0,,
GUIDE2022_1_FACT_503,Recommendation-Specific Supportive Text,fact,脑出血,"Many studies were small and of varied quality, and none were studies of patients…",0,0,,
GUIDE2022_1_FACT_504,Recommendation-Specific Supportive Text,fact,其他,"Lifestyle modifications, in particular increased physical activity, might lead t…",0,0,,
GUIDE2022_1_FACT_505,Recommendation-Specific Supportive Text,fact,其他,"In patients with stroke, psychosocial education for the caregiver can be benefic…",0,0,,
GUIDE2022_1_FACT_506,Recommendation-Specific Supportive Text,fact,其他,Practical support for the caregiver (such as how to walk safely with the patient…,0,0,,
GUIDE2022_1_FACT_507,Recommendation-Specific Supportive Text,fact,脑出血,The data are from studies of patients with general stroke rather than specifical…,0,0,,
GUIDE2022_1_FACT_508,Knowledge Gaps and Future Research,fact,其他,"There are positive effects of lifestyle modification; however, it is not known h…",0,0,,
GUIDE2022_1_FACT_509,9.2. Primary ICH Prevention in Individuals With High-Risk Imaging Findings,fact,MRI|脑出血,"<table><tr><td colspan=""3"">Recommendations for Primary ICH Prevention in Individ…",0,0,,
GUIDE2022_1_FACT_510,Synopsis,fact,MRI|脑出血,Neuroimaging is not routinely performed as a part of risk stratification for pri…,0,0,,
GUIDE2022_1_FACT_511,Synopsis,fact,脑出血,"Importantly, the absolute risk of primary ICH is many orders of magnitude lower …",0,0,,
GUIDE2022_1_FACT_512,Recommendation-Specific Supportive Text,fact,其他,One population-based study in a predominantly White healthy European population ,0,0,,
GUIDE2022_1_FACT_513,Recommendation-Specific Supportive Text,fact,MRI|脑出血,were associated with increased risk of future ICH.,0,0,,
GUIDE2022_1_FACT_514,Recommendation-Specific Supportive Text,fact,脑出血,"564,645 In a multicenter patient-level meta-analysis of patients with prior tran…",0,0,,
GUIDE2022_1_FACT_515,Recommendation-Specific Supportive Text,fact,其他,"646,647 In summary, the current evidence suggests that cerebral microbleed burde…",0,0,,
GUIDE2022_1_FACT_516,Knowledge Gaps and Future Research,fact,脑出血,Population-based risk assessment with neuroimaging and other markers requires fu…,0,0,,
GUIDE2022_1_FACT_517,AHA STROKE COUNCIL SCIENTIFICSTATEMENT OVERSIGHT COMMITTEE,fact,其他,Joseph P.,0,0,,
GUIDE2022_1_FACT_518,PRESIDENT AND STAFF: AHA/ASA,fact,其他,Donald M.,0,0,,
GUIDE2022_1_FACT_519,AHA/ASA STROKE GUIDELINES STAFF,fact,其他,"Prashant Nedungadi, PhD, Director, Stroke Guidelines, Office of Science, Medicin",0,0,,
GUIDE2022_1_FACT_520,ARTICLE INFORMATION,fact,其他,The American Heart Association makes every effort to avoid any actual or potenti…,0,0,,
GUIDE2022_1_FACT_521,ARTICLE INFORMATION,fact,其他,This guideline was approved by the American Heart Association Science Advisory a…,0,0,,
GUIDE2022_1_FACT_522,ARTICLE INFORMATION,fact,其他,The American Heart Association requests that this document be cited as follows: …,0,0,,
GUIDE2022_1_FACT_523,ARTICLE INFORMATION,fact,其他,"The expert peer review of AHA-commissioned documents (eg, scientific statements,…",0,0,,
GUIDE2022_1_FACT_524,ARTICLE INFORMATION,fact,其他,"Permissions: Multiple copies, modification, alteration, enhancement, and/or dist…",0,0,,
GUIDE2022_1_FACT_525,Disclosures,fact,其他,Appendix 1.,0,0,,
GUIDE2022_1_FACT_526,Disclosures,fact,其他,<table><tr><td>Writing group member</td><td>Employment</td><td>Research grant</t…,0,0,,
GUIDE2022_1_FACT_527,Disclosures,fact,其他,Ziai</td><td>Johns Hopkins University School of Medicine</td><td>None</td><td>No…,0,0,,
GUIDE2022_1_FACT_528,Disclosures,fact,其他,Goldstein</td><td>Massachusetts General Hospital</td><td>None</td><td>None</td><…,0,0,,
GUIDE2022_1_FACT_529,Disclosures,fact,其他,Appendix 1.,0,0,,
GUIDE2022_1_FACT_530,Disclosures,fact,其他,<table><tr><td>Writing group member</td><td>Employment</td><td>Research grant</t…,0,0,,
GUIDE2022_1_FACT_531,Disclosures,fact,其他,Mocco</td><td>Mount Sinai Health System</td><td>None</td><td>None</td><td>None</…,0,0,,
GUIDE2022_1_FACT_532,Disclosures,fact,其他,Sansing</td><td>Yale University School of Medicine</td><td>None</td><td>None</td…,0,0,,
GUIDE2022_1_FACT_533,Disclosures,fact,其他,Sheth</td><td>Yale University</td><td>Bard (PI); Biogen (PI); Hyperfin (PI); Nov…,0,0,,
GUIDE2022_1_FACT_534,Disclosures,fact,其他,This table represents the relationships of writing group members that may be per…,0,0,,
GUIDE2022_1_FACT_535,Disclosures,fact,其他,Appendix 2.,0,0,,
GUIDE2022_1_FACT_536,Disclosures,fact,其他,<table><tr><td>Peer reviewer</td><td>Employment</td><td>Research grant</td><td>O…,0,0,,
GUIDE2022_1_FACT_537,Disclosures,fact,其他,Creutzfeldt</td><td>University of Washington</td><td>NINDSt</td><td>None</td><td…,0,0,,
GUIDE2022_1_FACT_538,Disclosures,fact,其他,Czeisler</td><td>Providence Little Company of Mary Medical Center-Torrance (prev…,0,0,,
GUIDE2022_1_FACT_539,Disclosures,fact,其他,<table><tr><td>Peer reviewer</td><td>Employment</td><td>Research grant</td><td>O…,0,0,,
GUIDE2022_1_FACT_540,Disclosures,fact,其他,"Harrigan</td><td>University of Alabama, Birmingham</td><td>None</td><td>None</td…",0,0,,
GUIDE2022_1_FACT_541,Disclosures,fact,其他,Alt; Three Rivers†; Vastrax†; Synchron†; NDI†; Bend it†; NextGEN†; Qupelt; Stryk…,0,0,,
GUIDE2022_1_FACT_542,Disclosures,fact,其他,Marsh</td><td>Johns Hopkins School of Medicine</td><td>NIH†; American Heart Asso,0,0,,
GUIDE2022_1_FACT_543,Disclosures,fact,其他,<table><tr><td>Peer reviewer</td><td>Employment</td><td>Research grant</td><td>O…,0,0,,
GUIDE2022_1_FACT_544,Disclosures,fact,其他,Pandey</td><td>University of Michigan</td><td>NIH†; American Hydrocephalus Assoc,0,0,,
GUIDE2022_1_FACT_545,Disclosures,fact,其他,This table represents the relationships of reviewers that may be perceived as ac…,0,0,,
GUIDE2022_1_FACT_546,REFERENCES,fact,其他,"Tsao CW, Aday AW, Almarzooq ZI, Alonso A, Beaton AZ, Bittencourt MS, Boehme AK, …",0,0,,
GUIDE2022_1_FACT_547,REFERENCES,fact,其他,"Morgenstern LB, Smith MA, Lisabeth LD, Risser JM, Uchino K, Garcia N, Longwell P…",0,0,,
GUIDE2022_1_FACT_548,REFERENCES,fact,其他,"Krishnamurthi RV, Ikeda T, Feigin VL.",0,0,,
GUIDE2022_1_FACT_549,REFERENCES,fact,其他,"Zahuranec DB, Lisabeth LD, Sánchez BN, Smith MA, Brown DL, Garcia NM, Skolarus L…",0,0,,
GUIDE2022_1_FACT_550,REFERENCES,fact,其他,"Flaherty ML, Kissela B, Woo D, Kleindorfer D, Alwell K, Sekar P, Moomaw CJ, Have…",0,0,,
GUIDE2022_1_FACT_551,REFERENCES,fact,其他,"Hemphill JC 3rd, Greenberg SM, Anderson CS, Becker K, Bendok BR, Cushman M, Fung…",0,0,,
GUIDE2022_1_FACT_552,REFERENCES,fact,其他,"Derdeyn CP, Zipfel GJ, Albuquerque FC, Cooke DL, Feldmann E, Sheehan JP, Torner …",0,0,,
GUIDE2022_1_FACT_553,REFERENCES,fact,其他,"Connolly ES Jr, Rabinstein AA, Carhuapoma JR, Derdeyn CP, Dion J, Higashida RT, …",0,0,,
GUIDE2022_1_FACT_554,REFERENCES,fact,其他,"Thompson BG, Brown RD Jr, Amin-Hanjani S, Broderick JP, Cockroft KM, Connolly ES",0,0,,
GUIDE2022_1_FACT_555,REFERENCES,fact,其他,"Winstein CJ, Stein J, Arena R, Bates B, Cherney LR, Cramer SC, Deruyter F, Eng J…",0,0,,
GUIDE2022_1_FACT_556,REFERENCES,fact,其他,"Ashcraft S, Wilson SE, Nyström KV, Dusenbury W, Wira CR, Burrus TM; on behalf of…",0,0,,
GUIDE2022_1_FACT_557,REFERENCES,fact,其他,"Meschia JF, Bushnell C, Boden-Albala B, Braun LT, Bravata DM, Chaturvedi S, Crea…",0,0,,
GUIDE2022_1_FACT_558,REFERENCES,fact,其他,"Kleindorfer DO, Towfighi A, Chaturvedi S, Cockroft KM, Gutierrez J, Lombardi-Hil…",0,0,,
GUIDE2022_1_FACT_559,REFERENCES,fact,其他,"Smith EE, Saposnik G, Biessels GJ, Doubal FN, Fornage M, Gorelick PB, Greenberg …",0,0,,
GUIDE2022_1_FACT_560,REFERENCES,fact,其他,"Graff-Radford J, Botha H, Rabinstein AA, Gunter JL, Przybelski SA, Lesnick T, Hu…",0,0,,
GUIDE2022_1_FACT_561,REFERENCES,fact,其他,"Wilson D, Ambler G, Shakeshaft C, Brown MM, Charidimou A, Al-Shahi Salman R, Lip…",0,0,,
GUIDE2022_1_FACT_562,REFERENCES,fact,其他,"Du H, Wilson D, Ambler G, Banerjee G, Shakeshaft C, Cohen H, Yousry T, Al-Shahi …",0,0,,
GUIDE2022_1_FACT_563,REFERENCES,fact,其他,"Wilkinson DA, Pandey AS, Thompson BG, Keep RF, Hua Y, Xi G.",0,0,,
GUIDE2022_1_FACT_564,REFERENCES,fact,其他,"Bray JE, Finn J, Cameron P, Smith K, Straney L, Cartledge S, Nehme Z, Lim M, Bla…",0,0,,
GUIDE2022_1_FACT_565,REFERENCES,fact,其他,"Jackson SL, Legvold B, Vahratian A, Blackwell DL, Fang J, Gillespie C, Hayes D, …",0,0,,
GUIDE2022_1_FACT_566,REFERENCES,fact,其他,"Rasura M, Baldereschi M, Di Carlo A, Di Lisi F, Patella R, Piccardi B, Polizzi B…",0,0,,
GUIDE2022_1_FACT_567,REFERENCES,fact,其他,"Hsieh MJ, Chien KL, Sun JT, Tang SC, Tsai LK, Chiang WC, Chien YC, Jeng JS, Huei…",0,0,,
GUIDE2022_1_FACT_568,REFERENCES,fact,其他,"Uchida K, Yoshimura S, Hiyama N, Oki Y, Matsumoto T, Tokuda R, Yamaura I, Saito …",0,0,,
GUIDE2022_1_FACT_569,REFERENCES,fact,其他,"Mochari-Greenberger H, Xian Y, Hellkamp AS, Schulte PJ, Bhatt DL, Fonarow GC, Sa…",0,0,,
GUIDE2022_1_FACT_570,REFERENCES,fact,其他,"Patel MD, Rose KM, O’Brien EC, Rosamond WD.",0,0,,
GUIDE2022_1_FACT_571,REFERENCES,fact,其他,"Helwig SA, Ragoschke-Schumm A, Schwindling L, Kettner M, Roumia S, Kulikovski J,…",0,0,,
GUIDE2022_1_FACT_572,REFERENCES,fact,其他,"Slavin SJ, Sucharew H, Alwell K, Moomaw CJ, Woo D, Adeoye O, Flaherty ML, Feriol…",0,0,,
GUIDE2022_1_FACT_573,REFERENCES,fact,其他,"Denti L, Caminiti C, Scoditti U, Zini A, Malferrari G, Zedde ML, Guidetti D, Bar…",0,0,,
GUIDE2022_1_FACT_574,REFERENCES,fact,其他,"Olaiya MT, Cadilhac DA, Kim J, Ung D, Nelson MR, Srikanth VK, Bladin CF, Gerraty…",0,0,,
GUIDE2022_1_FACT_575,REFERENCES,fact,其他,"Kim DG, Kim YJ, Shin SD, Song KJ, Lee EJ, Lee YJ, Hong KJ, Park JO, Ro YS, Park …",0,0,,
GUIDE2022_1_FACT_576,REFERENCES,fact,其他,"Abdullah AR, Smith EE, Biddinger PD, Kalenderian D, Schwamm LH.",0,0,,
GUIDE2022_1_FACT_577,REFERENCES,fact,其他,"Sheppard JP, Mellor RM, Greenfield S, Mant J, Quinn T, Sandler D, Sims D, Singh …",0,0,,
GUIDE2022_1_FACT_578,REFERENCES,fact,其他,"Fan JS, Huang HH, Chen YC, Yen DH, Kao WF, Huang MS, Huang CI, Lee CH.",0,0,,
GUIDE2022_1_FACT_579,REFERENCES,fact,其他,"Kidwell CS, Saver JL, Schubert GB, Eckstein M, Starkman S.",0,0,,
GUIDE2022_1_FACT_580,REFERENCES,fact,其他,"Garrett MC, Komotar RJ, Starke RM, Doshi D, Otten ML, Connolly ES.",0,0,,
GUIDE2022_1_FACT_581,REFERENCES,fact,其他,"Zheng J, Yu Z, Ma L, Guo R, Lin S, You C, Li H.",0,0,,
GUIDE2022_1_FACT_582,REFERENCES,fact,其他,"Kumar MA, Rost NS, Snider RW, Chanderraj R, Greenberg SM, Smith EE, Rosand J.",0,0,,
GUIDE2022_1_FACT_583,REFERENCES,fact,其他,"Beuscher VD, Sprügel MI, Gerner ST, Sembill JA, Madzar D, Reindl C, Lücking H, L…",0,0,,
GUIDE2022_1_FACT_584,REFERENCES,fact,其他,"Hao Z, Wu B, Lin S, Kong FY, Tao WD, Wang DR, Liu M.",0,0,,
GUIDE2022_1_FACT_585,REFERENCES,fact,其他,"Salaun E, Touil A, Hubert S, Casalta JP, Gouriet F, Robinet-Borgomano E, Doche E…",0,0,,
GUIDE2022_1_FACT_586,REFERENCES,fact,其他,"Flibotte JJ, Hagan N, O’Donnell J, Greenberg SM, Rosand J.",0,0,,
GUIDE2022_1_FACT_587,REFERENCES,fact,其他,"Tomaselli GF, Mahaffey KW, Cuker A, Dobesh PP, Doherty JU, Eikelboom JW, Florido…",0,0,,
GUIDE2022_1_FACT_588,REFERENCES,fact,其他,"Zubkov AY, Mandrekar JN, Claassen DO, Manno EM, Wijdicks EF, Rabinstein AA.",0,0,,
GUIDE2022_1_FACT_589,REFERENCES,fact,其他,"Sandhu R, Aronow WS, Rajdev A, Sukhija R, Amin H, D’aquila K, Sangha A.",0,0,,
GUIDE2022_1_FACT_590,REFERENCES,fact,其他,"Fiebach JB, Schellinger PD, Gass A, Kucinski T, Siebler M, Villringer A, Olkers …",0,0,,
GUIDE2022_1_FACT_591,REFERENCES,fact,其他,"Romanova AL, Nemeth AJ, Berman MD, Guth JC, Liotta EM, Naidech AM, Maas MB.",0,0,,
GUIDE2022_1_FACT_592,REFERENCES,fact,评分系统,"Maas MB, Nemeth AJ, Rosenberg NF, Kosteva AR, Prabhakaran S, Naidech AM.",0,0,,
GUIDE2022_1_FACT_593,REFERENCES,fact,脑出血,doi: 10.,0,0,,
GUIDE2022_1_FACT_594,REFERENCES,fact,斑点征|CTA|脑出血,"Demchuk AM, Dowlatshahi D, Rodriguez-Luna D, Molina CA, Blas YS, Dzialowski I, K…",0,0,,
GUIDE2022_1_FACT_595,REFERENCES,fact,斑点征,Noncontrast CT markers of intracerebral hemorrhage expansion and poor outcome: a…,0,0,,
GUIDE2022_1_FACT_596,REFERENCES,fact,降压研究|MRI,1996;27:1304–1305.,0,0,,
GUIDE2022_1_FACT_597,REFERENCES,fact,CTA,"Standards for detecting, interpreting, and reporting noncontrast computed tomogr…",0,0,,
GUIDE2022_1_FACT_598,REFERENCES,fact,其他,"1007/s12028-020-00958-8   
115. Sifri ZC, Homnick AT, Vaynman A, Lavery R, Liao ",0,0,,
GUIDE2022_1_FACT_599,REFERENCES,fact,其他,Predicting the presence of macrovascular causes in non-traumatic intracerebral h…,0,0,,
GUIDE2022_1_FACT_600,REFERENCES,fact,其他,Yield of angiographic examinations in isolated intraventricular hemorrhage: a ca…,0,0,,
GUIDE2022_1_FACT_601,REFERENCES,fact,其他,1016/j.,0,0,,
GUIDE2022_1_FACT_602,REFERENCES,fact,其他,"1007/s00234-011-0953-0   
125. Hino A, Fujimoto M, Yamaki T, Iwamoto Y, Katsumor",0,0,,
GUIDE2022_1_FACT_603,REFERENCES,fact,其他,Computed tomography angiography or magnetic resonance angiography for detection …,0,0,,
GUIDE2022_1_FACT_604,REFERENCES,fact,其他,"Saposnik G, Barinagarrementeria F, Brown RD Jr, Bushnell CD, Cucchiara B, Cushma…",0,0,,
GUIDE2022_1_FACT_605,REFERENCES,fact,其他,2013;44:2904–2906.,0,0,,
GUIDE2022_1_FACT_606,REFERENCES,fact,其他,"Charidimou A, Farid K, Baron JC.",0,0,,
GUIDE2022_1_FACT_607,REFERENCES,fact,降压研究,"Li Q, Warren AD, Qureshi AI, Morotti A, Falcone GJ, Sheth KN, Shoamanesh A, Dowl…",0,0,,
GUIDE2022_1_FACT_608,REFERENCES,fact,降压研究,"Anderson CS, Heeley E, Huang Y, Wang J, Stapf C, Delcourt C, Lindley R, Robinson…",0,0,,
GUIDE2022_1_FACT_609,REFERENCES,fact,其他,The Intracerebral Hemorrhage Acutely Decreasing Arterial Pressure trial.,0,0,,
GUIDE2022_1_FACT_610,REFERENCES,fact,ATACH-II,"Qureshi AI, Palesch YY, Barsan WG, Hanley DF, Hsu CY, Martin RL, Moy CS, Silberg…",0,0,,
GUIDE2022_1_FACT_611,REFERENCES,fact,ATACH-II|降压研究,Intensive blood pressure lowering in patients with moderate to severe grade acut…,0,0,,
GUIDE2022_1_FACT_612,REFERENCES,fact,脑出血,Outcomes of intensive systolic blood pressure reduction in patients with intrace…,0,0,,
GUIDE2022_1_FACT_613,REFERENCES,fact,其他,"Sakamoto Y, Koga M, Yamagami H, Okuda S, Okada Y, Kimura K, Shiokawa Y, Nakagawa…",0,0,,
GUIDE2022_1_FACT_614,REFERENCES,fact,其他,"1016/S1474-4422(14)70018-3   
155. Qureshi AI, Huang W, Lobanova I, Hanley DF, H",0,0,,
GUIDE2022_1_FACT_615,REFERENCES,fact,其他,Prehospital transdermal glyceryl trinitrate for ultra-acute intracerebral hemorr…,0,0,,
GUIDE2022_1_FACT_616,REFERENCES,fact,其他,Intracranial hypertension and cerebral perfusion pressure insults in adult hyper…,0,0,,
GUIDE2022_1_FACT_617,REFERENCES,fact,其他,2018;7:e008439.,0,0,,
GUIDE2022_1_FACT_618,REFERENCES,fact,其他,2006;4:1853–1863.,0,0,,
GUIDE2022_1_FACT_619,REFERENCES,fact,其他,Hemostatic efficacy and anti-FXa (factor Xa) reversal with andexanet alfa in int…,0,0,,
GUIDE2022_1_FACT_620,REFERENCES,fact,其他,"Panos NG, Cook AM, John S, Jones GM; Neurocritical Care Society (NCS) Pharmacy S…",0,0,,
GUIDE2022_1_FACT_621,REFERENCES,fact,其他,Clin Pharmacokinet.,0,0,,
GUIDE2022_1_FACT_622,REFERENCES,fact,其他,"Schulman S, Ritchie B, Nahirniak S, Gross PL, Carrier M, Majeed A, Hwang HG, Zon…",0,0,,
GUIDE2022_1_FACT_623,REFERENCES,fact,其他,"Kuramatsu JB, Gerner ST, Schellinger PD, Glahn J, Endres M, Sobesky J, Flechsenh…",0,0,,
GUIDE2022_1_FACT_624,REFERENCES,fact,其他,Management of intracranial hemorrhage in patients with a left ventricular assist…,0,0,,
GUIDE2022_1_FACT_625,REFERENCES,fact,其他,1161/CIRCULATIONAHA.,0,0,,
GUIDE2022_1_FACT_626,REFERENCES,fact,其他,Evaluation of andexanet alfa and four-factor prothrombin complex concentrate (4F…,0,0,,
GUIDE2022_1_FACT_627,REFERENCES,fact,其他,1371/journal.,0,0,,
GUIDE2022_1_FACT_628,REFERENCES,fact,其他,"Gendron N, Chocron R, Billoir P, Brunier J, Camoin-Jau L, Tuffigo M, Faille D, T…",0,0,,
GUIDE2022_1_FACT_629,REFERENCES,fact,其他,Home treatment of patients with low-risk pulmonary embolism with the oral factor…,0,0,,
GUIDE2022_1_FACT_630,REFERENCES,fact,其他,"Brown KS, Wickremasingha P, Parasrampuria DA, Weiss D, Kochan J, Dishy V, He L, …",0,0,,
GUIDE2022_1_FACT_631,REFERENCES,fact,其他,"Gerner ST, Kuramatsu JB, Sembill JA, Sprügel MI, Endres M, Haeusler KG, Vajkoczy",0,0,,
GUIDE2022_1_FACT_632,REFERENCES,fact,其他,"Arellano-Rodrigo E, Fernandez-Gallego V, López-Vilchez I, Molina P, Díaz-Ricart …",0,0,,
GUIDE2022_1_FACT_633,REFERENCES,fact,其他,"Accessed December 10, 2021.",0,0,,
GUIDE2022_1_FACT_634,REFERENCES,fact,其他,Effect of acetylsalicylic acid usage and platelet transfusion on postoperative h…,0,0,,
GUIDE2022_1_FACT_635,REFERENCES,fact,其他,Early administration of desmopressin and platelet transfusion for reducing hemat…,0,0,,
GUIDE2022_1_FACT_636,REFERENCES,fact,其他,Platelet transfusion versus standard care after acute stroke due to spontaneous …,0,0,,
GUIDE2022_1_FACT_637,REFERENCES,fact,氨甲环酸|脑出血,2018;49:2621–2629.,0,0,,
GUIDE2022_1_FACT_638,REFERENCES,fact,其他,"Kaufman RM, Djulbegovic B, Gernsheimer T, Kleinman S, Tinmouth AT, Capocelli KE,…",0,0,,
GUIDE2022_1_FACT_639,REFERENCES,fact,其他,"Mayer SA, Brun NC, Begtrup K, Broderick J, Davis S, Diringer MN, Skolnick BE, St…",0,0,,
GUIDE2022_1_FACT_640,REFERENCES,fact,STOP-AUST|TRAIGE,Tranexamic acid for acute intracerebral haemorrhage growth based on imaging asse…,0,0,,
GUIDE2022_1_FACT_641,REFERENCES,fact,氨甲环酸|rFVIa|脑出血,Tranexamic acid for hyperacute primary IntraCerebral Haemorrhage (TICH-2): an in…,0,0,,
GUIDE2022_1_FACT_642,REFERENCES,fact,脑出血,"Mayer SA, Brun NC, Broderick J, Davis SM, Diringer MN, Skolnick BE, Steiner T; U…",0,0,,
GUIDE2022_1_FACT_643,REFERENCES,fact,其他,"Mayer SA, Davis SM, Skolnick BE, Brun NC, Begtrup K, Broderick JP, Diringer MN, …",0,0,,
GUIDE2022_1_FACT_644,REFERENCES,fact,其他,"Nie X, Liu J, Liu D, Zhou Q, Duan W, Pu Y, Yang Z, Wen M, Sun H, Wang W.",0,0,,
GUIDE2022_1_FACT_645,REFERENCES,fact,其他,Organised inpatient (stroke unit) care for stroke: network metaanalysis.,0,0,,
GUIDE2022_1_FACT_646,REFERENCES,fact,其他,"Burns JD, Green DM, Lau H, Winter M, Koyfman F, DeFusco CM, Holsapple JW, Kase C…",0,0,,
GUIDE2022_1_FACT_647,REFERENCES,fact,其他,1111/ene.,0,0,,
GUIDE2022_1_FACT_648,REFERENCES,fact,其他,"1007/s12028-011-9620-x   
241. Mirski MA, Chang CW, Cowan R. Impact of a neurosc",0,0,,
GUIDE2022_1_FACT_649,REFERENCES,fact,其他,The effect of emergency department delay on outcome in critically ill medical pa…,0,0,,
GUIDE2022_1_FACT_650,REFERENCES,fact,脑出血,"McLaughlin DC, Hartjes TM, Freeman WD.",0,0,,
GUIDE2022_1_FACT_651,REFERENCES,fact,其他,Admitting low-risk patients with intracerebral hemorrhage to a neurological step…,0,0,,
GUIDE2022_1_FACT_652,REFERENCES,fact,其他,A dedicated neurological intensive care unit offers improved outcomes for patien…,0,0,,
GUIDE2022_1_FACT_653,REFERENCES,fact,降压研究|脑出血,"Wartenberg KE, Wang X, Muñoz-Venturelli P, Rabinstein AA, Lavados PM, Anderson C…",0,0,,
GUIDE2022_1_FACT_654,REFERENCES,fact,其他,How has the impact of ‘care pathway technologies’ on service integration in stro…,0,0,,
GUIDE2022_1_FACT_655,REFERENCES,fact,其他,"Inclusion of a care bundle for fever, hyperglycaemia and swallow management in a…",0,0,,
GUIDE2022_1_FACT_656,REFERENCES,fact,其他,"Hinchey JA, Shephard T, Furie K, Smith D, Wang D, Tonn S; Stroke Practice Improv…",0,0,,
GUIDE2022_1_FACT_657,REFERENCES,fact,其他,"Titsworth WL, Abram J, Fullerton A, Hester J, Guin P, Waters MF, Mocco J.",0,0,,
GUIDE2022_1_FACT_658,REFERENCES,fact,其他,"Serious cardiac arrhythmias after stroke: incidence, time course, and predictors…",0,0,,
GUIDE2022_1_FACT_659,REFERENCES,fact,其他,2019;10:817.,0,0,,
GUIDE2022_1_FACT_660,REFERENCES,fact,其他,Stroke.,0,0,,
GUIDE2022_1_FACT_661,REFERENCES,fact,其他,2019;50:e344–e418.,0,0,,
GUIDE2022_1_FACT_662,REFERENCES,fact,其他,J Neurol Neurosurg Psychiatry.,0,0,,
GUIDE2022_1_FACT_663,REFERENCES,fact,DVT,A nonrandomized study of safety and efficacy of heparin for DVT prophylaxis in i…,0,0,,
GUIDE2022_1_FACT_664,REFERENCES,fact,其他,"Dennis M, Sandercock PA, Reid J, Graham C, Murray G, Venables G, Rudd A, Bowler …",0,0,,
GUIDE2022_1_FACT_665,REFERENCES,fact,其他,Survival effects of inferior vena cava filter in patients with acute symptomatic…,0,0,,
GUIDE2022_1_FACT_666,REFERENCES,fact,其他,"Goldstein JN, Fazen LE, Wendell L, Chang Y, Rost NS, Snider R, Schwab K, Chander…",0,0,,
GUIDE2022_1_FACT_667,REFERENCES,fact,脑出血,"Ding D, Sekar P, Moomaw CJ, Comeau ME, James ML, Testai F, Flaherty ML, Vashkevi…",0,0,,
GUIDE2022_1_FACT_668,REFERENCES,fact,其他,"Frequency, predictors, and outcomes of prehospital and early postarrival neurolo…",0,0,,
GUIDE2022_1_FACT_669,REFERENCES,fact,其他,"Reynolds SS, Murray LL, McLennon SM, Bakas T.",0,0,,
GUIDE2022_1_FACT_670,REFERENCES,fact,其他,"Finfer S, Chittock DR, Su SY, Blair D, Foster D, Dhingra V, Bellomo R, Cook D, D…",0,0,,
GUIDE2022_1_FACT_671,REFERENCES,fact,其他,"1056/NEJMoa011300   
302. Béjot Y, Aboa-Eboulé C, Hervieu M, Jacquin A, Osseby G",0,0,,
GUIDE2022_1_FACT_672,REFERENCES,fact,其他,"Lee SH, Kim BJ, Bae HJ, Lee JS, Lee J, Park BJ, Yoon BW.",0,0,,
GUIDE2022_1_FACT_673,REFERENCES,fact,其他,Increased shortterm mortality in patients with spontaneous intracerebral hemorrh…,0,0,,
GUIDE2022_1_FACT_674,REFERENCES,fact,其他,"Hervella P, Rodríguez-Yáñez M, Pumar JM, Ávila-Gómez P, da Silva-Candal A, López…",0,0,,
GUIDE2022_1_FACT_675,REFERENCES,fact,其他,"The Paracetamol (Acetaminophen) in Stroke (PAIS) trial: a multicentre, randomise…",0,0,,
GUIDE2022_1_FACT_676,REFERENCES,fact,其他,Neurocrit Care.,0,0,,
GUIDE2022_1_FACT_677,REFERENCES,fact,其他,"Lord AS, Karinja S, Lantigua H, Carpenter A, Schmidt JM, Claassen J, Agarwal S, …",0,0,,
GUIDE2022_1_FACT_678,REFERENCES,fact,其他,"Elmer J, Yamane D, Hou PC, Wilcox SR, Bajwa EK, Hess DR, Camargo CA Jr, Greenber…",0,0,,
GUIDE2022_1_FACT_679,REFERENCES,fact,其他,"Vespa PM, O’Phelan K, Shah M, Mirabelli J, Starkman S, Kidwell C, Saver J, Nuwer…",0,0,,
GUIDE2022_1_FACT_680,REFERENCES,fact,HICH诊断|脑出血,118.,0,0,,
GUIDE2022_1_FACT_681,REFERENCES,fact,其他,Prophylactic use of antiepileptic drugs in patients with spontaneous intracerebr…,0,0,,
GUIDE2022_1_FACT_682,REFERENCES,fact,其他,"Bladin CF, Alexandrov AV, Bellavance A, Bornstein N, Chambers B, Coté R, Lebrun …",0,0,,
GUIDE2022_1_FACT_683,REFERENCES,fact,其他,Are post intracerebral hemorrhage seizures prevented by anti-epileptic treatment…,0,0,,
GUIDE2022_1_FACT_684,REFERENCES,fact,脑出血,00302.,0,0,,
GUIDE2022_1_FACT_685,REFERENCES,fact,其他,"Battey TW, Falcone GJ, Ayres AM, Schwab K, Viswanathan A, McNamara KA, DiPucchio…",0,0,,
GUIDE2022_1_FACT_686,REFERENCES,fact,其他,Preventing seizure occurrence following spontaneous intracerebral haemorrhage: a…,0,0,,
GUIDE2022_1_FACT_687,REFERENCES,fact,其他,"1007/s12028-014-9959-x   
348. Lovasik BP, McCracken DJ, McCracken CE, McDougal ",0,0,,
GUIDE2022_1_FACT_688,REFERENCES,fact,HICH诊断|脑出血,"Chen CJ, Ding D, Ironside N, Buell TJ, Southerland AM, Testai FD, Woo D, Worrall…",0,0,,
GUIDE2022_1_FACT_689,REFERENCES,fact,其他,2020;11:1253–1263.,0,0,,
GUIDE2022_1_FACT_690,REFERENCES,fact,其他,"0b013e318241e380   
357. Bereczki, D, Fekete, I, Prado, GF, Liu, M, Mannitol for",0,0,,
GUIDE2022_1_FACT_691,REFERENCES,fact,降压研究,The effect of mannitol in the early stage of supratentorial hypertensive intrace…,0,0,,
GUIDE2022_1_FACT_692,REFERENCES,fact,其他,"0b013e318206b9be   
363. Tan G, Zhou J, Yuan D, Sun S. Formula for use of mannit",0,0,,
GUIDE2022_1_FACT_693,REFERENCES,fact,其他,1136/jnnp.,0,0,,
GUIDE2022_1_FACT_694,REFERENCES,fact,其他,Response to external ventricular drainage in spontaneous intracerebral hemorrhag…,0,0,,
GUIDE2022_1_FACT_695,REFERENCES,fact,其他,Hemorrhagic complications of ventriculostomy: incidence and predictors in patien…,0,0,,
GUIDE2022_1_FACT_696,REFERENCES,fact,其他,Effects of continuous hypertonic saline infusion on perihemorrhagic edema evolut…,0,0,,
GUIDE2022_1_FACT_697,REFERENCES,fact,MISTIE III,2015.,0,0,,
GUIDE2022_1_FACT_698,REFERENCES,fact,脑出血,Different surgical interventions for patients with spontaneous supratentorial in…,0,0,,
GUIDE2022_1_FACT_699,REFERENCES,fact,其他,Efficacy and safety of minimal invasive surgery treatment in hypertensive intrac…,0,0,,
GUIDE2022_1_FACT_700,REFERENCES,fact,其他,Assessment of evidence regarding minimally invasive surgery vs.,0,0,,
GUIDE2022_1_FACT_701,REFERENCES,fact,其他,doi: 10.,0,0,,
GUIDE2022_1_FACT_702,REFERENCES,fact,其他,Individual patient data subgroup meta-analysis of surgery for spontaneous suprat…,0,0,,
GUIDE2022_1_FACT_703,REFERENCES,fact,其他,"Auer LM, Deinsberger W, Niederkorn K, Gell G, Kleinert R, Schneider G, Holzer P,…",0,0,,
GUIDE2022_1_FACT_704,REFERENCES,fact,斑点征|CTA,"Ge C, Zhao W, Guo H, Sun Z, Zhang W, Li X, Yang X, Zhang J, Wang D, Xiang Y, et …",0,0,,
GUIDE2022_1_FACT_705,REFERENCES,fact,评分系统,"Even in patients with a small hemorrhagic volume, stereotactic-guided evacuation…",0,0,,
GUIDE2022_1_FACT_706,REFERENCES,fact,脑出血,Stereotactic catheter drainage versus conventional craniotomy for severe spontan…,0,0,,
GUIDE2022_1_FACT_707,REFERENCES,fact,其他,ICES (Intraoperative Stereotactic Computed Tomography-Guided Endoscopic Surgery)…,0,0,,
GUIDE2022_1_FACT_708,REFERENCES,fact,其他,"Xiao K, Chu H, Chen H, Zhong Y, Zhong L, Tang Y.",0,0,,
GUIDE2022_1_FACT_709,REFERENCES,fact,其他,Endoscopic evacuation of basal ganglia hemorrhage via keyhole approach using an …,0,0,,
GUIDE2022_1_FACT_710,REFERENCES,fact,其他,"Kobayashi S, Sato A, Kageyama Y, Nakamura H, Watanabe Y, Yamaura A.",0,0,,
GUIDE2022_1_FACT_711,REFERENCES,fact,其他,2017;389:603–611.,0,0,,
GUIDE2022_1_FACT_712,REFERENCES,fact,STICH研究|氨甲环酸|脑出血,e6.,0,0,,
GUIDE2022_1_FACT_713,REFERENCES,fact,其他,"Intraventricular thrombolysis speeds blood clot resolution: results of a pilot, …",0,0,,
GUIDE2022_1_FACT_714,REFERENCES,fact,其他,doi: 10.,0,0,,
GUIDE2022_1_FACT_715,REFERENCES,fact,STICH研究|氨甲环酸|脑出血,"Zhang Z, Li X, Liu Y, Shao Y, Xu S, Yang Y.",0,0,,
GUIDE2022_1_FACT_716,REFERENCES,fact,STICH研究|氨甲环酸|脑出血,"Mendelow AD, Gregson BA, Fernandes HM, Murray GD, Teasdale GM, Hope DT, Karimi A…",0,0,,
GUIDE2022_1_FACT_717,REFERENCES,fact,其他,Failure of surgery to improve outcome in hypertensive putaminal hemorrhage: a pr…,0,0,,
GUIDE2022_1_FACT_718,REFERENCES,fact,STICH研究|氨甲环酸|脑出血,Rebleeding leads to poor outcome in ultra-early craniotomy for intracerebral hem…,0,0,,
GUIDE2022_1_FACT_719,REFERENCES,fact,其他,Surg Neurol.,0,0,,
GUIDE2022_1_FACT_720,REFERENCES,fact,其他,"Kuramatsu JB, Biffi A, Gerner ST, Sembill JA, Sprügel MI, Leasure A, Sansing L, …",0,0,,
GUIDE2022_1_FACT_721,REFERENCES,fact,其他,"Auer LM, Auer T, Sayama I.",0,0,,
GUIDE2022_1_FACT_722,REFERENCES,fact,其他,Clin Neurol Neurosurg.,0,0,,
GUIDE2022_1_FACT_723,REFERENCES,fact,其他,Controversies in the management of spontaneous cerebellar haemorrhage: a consecu…,0,0,,
GUIDE2022_1_FACT_724,REFERENCES,fact,ICP监测,"104361   
455. Heuts SG, Bruce SS, Zacharia BE, Hickman ZL, Kellner CP, Sussman ",0,0,,
GUIDE2022_1_FACT_725,REFERENCES,fact,其他,"Moussa WM, Khedr W.",0,0,,
GUIDE2022_1_FACT_726,REFERENCES,fact,其他,Impact of intracerebral hematoma evacuation during decompressive hemicraniectomy…,0,0,,
GUIDE2022_1_FACT_727,REFERENCES,fact,其他,Retrospective comparison of craniotomy and decompressive craniectomy for surgica…,0,0,,
GUIDE2022_1_FACT_728,REFERENCES,fact,其他,Surgical treatment for large spontaneous basal ganglia hemorrhage: retrospective…,0,0,,
GUIDE2022_1_FACT_729,REFERENCES,fact,其他,Comparison between decompressive craniectomy with durotomy and conservative trea…,0,0,,
GUIDE2022_1_FACT_730,REFERENCES,fact,其他,"Gregório T, Pipa S, Cavaleiro P, Atanásio G, Albuquerque I, Chaves PC, Azevedo L…",0,0,,
GUIDE2022_1_FACT_731,REFERENCES,fact,脑出血,"0000000000002266   
476. Zahuranec DB, Morgenstern LB, Sánchez BN, Resnicow K, W",0,0,,
GUIDE2022_1_FACT_732,REFERENCES,fact,其他,"Hemphill JC 3rd, Newman J, Zhao S, Johnston SC.",0,0,,
GUIDE2022_1_FACT_733,REFERENCES,fact,其他,"The impact of delirium on

withdrawal of life-sustaining treatment after intrace",0,0,,
GUIDE2022_1_FACT_734,REFERENCES,fact,脑出血,Surrogate satisfaction with decision making after intracerebral hemorrhage.,0,0,,
GUIDE2022_1_FACT_735,REFERENCES,fact,其他,Withdrawal of support in intracerebral hemorrhage may lead to self-fulfilling pr…,0,0,,
GUIDE2022_1_FACT_736,REFERENCES,fact,其他,"Anderson CS, Arima H, Lavados P, Billot L, Hackett ML, Olavarría VV, Muñoz Ventu…",0,0,,
GUIDE2022_1_FACT_737,REFERENCES,fact,其他,"1016/S0140-6736(18)32823-X   
494. AFFINITY Trial Collaboration. Safety and effi",0,0,,
GUIDE2022_1_FACT_738,REFERENCES,fact,MRI|脑出血,"1016/S1474-4422(20)30219-2   
497. Marquez-Romero JM, Reyes-Martínez M, Huerta-F",0,0,,
GUIDE2022_1_FACT_739,REFERENCES,fact,其他,Efficacy and safety of very early mobilisation within 24 h of stroke onset (AVER…,0,0,,
GUIDE2022_1_FACT_740,REFERENCES,fact,其他,There’s no place like home: an evaluation of early supported discharge for strok…,0,0,,
GUIDE2022_1_FACT_741,REFERENCES,fact,其他,Comparison of short (3-day) hospitalization followed by home care treatment and …,0,0,,
GUIDE2022_1_FACT_742,REFERENCES,fact,其他,Association of selective serotonin reuptake inhibitor use after intracerebral he…,0,0,,
GUIDE2022_1_FACT_743,REFERENCES,fact,其他,Cognitive training for people with mild to moderate dementia.,0,0,,
GUIDE2022_1_FACT_744,REFERENCES,fact,其他,Cognitive stimulation to improve cognitive functioning in people with dementia.,0,0,,
GUIDE2022_1_FACT_745,REFERENCES,fact,其他,2020;51:1135–1141.,0,0,,
GUIDE2022_1_FACT_746,REFERENCES,fact,其他,Part I: frequency of depression after stroke: an updated systematic review and m…,0,0,,
GUIDE2022_1_FACT_747,REFERENCES,fact,其他,"1191/0269215503cr596oa   
527. Kapoor A, Lanctot KL, Bayley M, Herrmann N, Murra",0,0,,
GUIDE2022_1_FACT_748,REFERENCES,fact,其他,"Bartoli F, Di Brita C, Crocamo C, Clerici M, Carrà G.",0,0,,
GUIDE2022_1_FACT_749,REFERENCES,fact,其他,Part II: predictors of depression after stroke and impact of depression on strok…,0,0,,
GUIDE2022_1_FACT_750,REFERENCES,fact,其他,Neurology.,0,0,,
GUIDE2022_1_FACT_751,REFERENCES,fact,其他,"047   
540. Allida S, Cox KL, Hsieh CF, Lang H, House A, Hackett ML. Pharmacolog",0,0,,
GUIDE2022_1_FACT_752,REFERENCES,fact,其他,"Deng L, Qiu S, Yang Y, Wang L, Li Y, Lin J, Wei Q, Yang L, Wang D, Liu M.",0,0,,
GUIDE2022_1_FACT_753,REFERENCES,fact,其他,"Sun Y, Liang Y, Jiao Y, Lin J, Qu H, Xu J, Zhao C.",0,0,,
GUIDE2022_1_FACT_754,REFERENCES,fact,其他,Fluoxetine for motor recovery after acute ischaemic stroke (FLAME): a randomised…,0,0,,
GUIDE2022_1_FACT_755,REFERENCES,fact,其他,"Godefroy O, Fickl A, Roussel M, Auribault C, Bugnicourt JM, Lamy C, Canaple S, P…",0,0,,
GUIDE2022_1_FACT_756,REFERENCES,fact,其他,Long-term cognitive impairment associated with delirium in acute neurological in…,0,0,,
GUIDE2022_1_FACT_757,REFERENCES,fact,其他,"Chollet F, Rigal J, Marque P, Barbieux-Guillot M, Raposo N, Fabry V, Albucher JF…",0,0,,
GUIDE2022_1_FACT_758,REFERENCES,fact,其他,"Azarpazhooh MR, Nicol MB, Donnan GA, Dewey HM, Sturm JW, Macdonell RA, Pearce DC…",0,0,,
GUIDE2022_1_FACT_759,REFERENCES,fact,其他,doi: 10.,0,0,,
GUIDE2022_1_FACT_760,REFERENCES,fact,其他,Racial/ethnic disparities in the risk of intracerebral hemorrhage recurrence.,0,0,,
GUIDE2022_1_FACT_761,REFERENCES,fact,其他,doi: 10.,0,0,,
GUIDE2022_1_FACT_762,REFERENCES,fact,其他,Hemorrhage burden predicts recurrent intracerebral hemorrhage after lobar hemorr…,0,0,,
GUIDE2022_1_FACT_763,REFERENCES,fact,其他,"O’Donnell HC, Rosand J, Knudsen KA, Furie KL, Segal AZ, Chiu RI, Ikeda D, Greenb…",0,0,,
GUIDE2022_1_FACT_764,REFERENCES,fact,其他,"Chapman N, Huxley R, Anderson C, Bousser MG, Chalmers J, Colman S, Davis S, Donn…",0,0,,
GUIDE2022_1_FACT_765,REFERENCES,fact,其他,Stroke.,0,0,,
GUIDE2022_1_FACT_766,REFERENCES,fact,其他,2018;71:e13–e115.,0,0,,
GUIDE2022_1_FACT_767,REFERENCES,fact,其他,Resumption of antiplatelet therapy in patients with primary intracranial hemorrh…,0,0,,
GUIDE2022_1_FACT_768,REFERENCES,fact,其他,Use of oral anticoagulants for stroke prevention in patients with atrial fibrill…,0,0,,
GUIDE2022_1_FACT_769,REFERENCES,fact,其他,"Park YA, Uhm JS, Pak HN, Lee MH, Joung B.",0,0,,
GUIDE2022_1_FACT_770,REFERENCES,fact,其他,"593087   
597. Pennlert J, Overholser R, Asplund K, Carlberg B, Van Rompaye B, W",0,0,,
GUIDE2022_1_FACT_771,REFERENCES,fact,其他,Left atrial appendage closure as an alternative to warfarin for stroke preventio…,0,0,,
GUIDE2022_1_FACT_772,REFERENCES,fact,脑淀粉样变,Left atrial appendage occlusion versus standard medical care in patients with at…,0,0,,
GUIDE2022_1_FACT_773,REFERENCES,fact,其他,Effects of antiplatelet therapy after stroke caused by intracerebral hemorrhage:…,0,0,,
GUIDE2022_1_FACT_774,REFERENCES,fact,其他,Early in-hospital exposure to statins and outcome after intracerebral haemorrhag…,0,0,,
GUIDE2022_1_FACT_775,REFERENCES,fact,其他,"Siddiqui FM, Langefeld CD, Moomaw CJ, Comeau ME, Sekar P, Rosand J, Kidwell CS, …",0,0,,
GUIDE2022_1_FACT_776,REFERENCES,fact,其他,doi: 10.,0,0,,
GUIDE2022_1_FACT_777,REFERENCES,fact,其他,doi: 10.,0,0,,
GUIDE2022_1_FACT_778,REFERENCES,fact,其他,Does statin increase the risk of intracerebral hemorrhage in stroke survivors?,0,0,,
GUIDE2022_1_FACT_779,REFERENCES,fact,其他,"Dowlatshahi D, Demchuk AM, Fang J, Kapral MK, Sharma M, Smith EE; Registry of th…",0,0,,
GUIDE2022_1_FACT_780,REFERENCES,fact,其他,"Chung CM, Lin MS, Liu CH, Lee TH, Chang ST, Yang TY, Pan KL, Lin YS.",0,0,,
GUIDE2022_1_FACT_781,REFERENCES,fact,其他,Pre-intracerebral hemorrhage and in-hospital statin use in intracerebral hemorrh…,0,0,,
GUIDE2022_1_FACT_782,REFERENCES,fact,其他,"Sabatine MS, Giugliano RP, Keech AC, Honarpour N, Wiviott SD, Murphy SA, Kuder J…",0,0,,
GUIDE2022_1_FACT_783,REFERENCES,fact,TIA,121.,0,0,,
GUIDE2022_1_FACT_784,REFERENCES,fact,其他,"Costa P, Grassi M, Iacoviello L, Zedde M, Marcheselli S, Silvestrelli G, DeLodov…",0,0,,
GUIDE2022_1_FACT_785,REFERENCES,fact,其他,Reducing sitting time after stroke: a phase II safety and feasibility randomized…,0,0,,
GUIDE2022_1_FACT_786,REFERENCES,fact,其他,"Vloothuis JD, Mulder M, Veerbeek JM, Konijnenbelt M, Visser-Meily JM, Ket JC, Kw…",0,0,,
GUIDE2022_1_FACT_787,REFERENCES,fact,其他,"Lichtenstein AH, Appel LJ, Vadiveloo M, Hu FB, Kris-Etherton PM, Rebholz CM, Sac…",0,0,,
GUIDE2022_1_FACT_788,REFERENCES,fact,其他,pec.,0,0,,
GUIDE2022_1_FACT_789,REFERENCES,fact,其他,Stroke.,0,0,,
GUIDE2022_1_FACT_790,REFERENCES,fact,其他,Cerebral microbleeds and stroke risk after ischaemic stroke or transient ischaem…,0,0,,
